usuario_id,artista_id
881,3934
1563,11879
1263,5629
788,2210
986,15726
1751,7000
1812,17784
24,17357
1836,15091
1771,584
349,2763
419,15666
644,4286
874,6652
365,5192
693,9700
47,7137
1454,808
468,10796
663,5060
734,16916
1866,17602
1528,12851
1089,8286
103,10600
1059,15680
1390,17114
45,7987
922,16146
937,2293
187,4434
141,3754
1320,8315
1282,665
744,4821
1423,13626
1217,8919
1230,3640
132,9711
1248,3088
1402,238
114,823
1621,5080
1582,5242
1900,13596
1945,2088
1224,16437
562,10796
1876,1105
1904,10280
1225,14938
1010,12686
1642,17886
138,8232
109,14137
93,12950
1480,13537
1613,15681
549,7198
978,5179
840,2005
1319,9771
1778,6529
1723,12015
1144,119
817,4165
1857,7920
1547,10003
631,10536
1391,4489
1879,16708
105,942
1749,5537
381,11761
1208,9907
806,13142
1780,17227
1293,11561
1139,9211
312,17462
1107,1016
1580,16789
429,16836
1352,6029
596,1825
71,14286
401,8365
339,12943
1396,17218
1246,8048
1847,11559
800,10180
849,15706
1012,2941
1790,10017
1261,12253
64,16028
1875,4024
45,4964
611,15848
317,13627
1490,10903
378,17613
362,3714
1232,17873
400,12626
208,16290
619,7746
1698,6018
220,13087
1315,897
1994,2007
1351,13961
670,1703
1730,10638
32,4132
1591,14862
346,4845
1720,14594
1136,8456
1019,13502
591,250
1408,6184
1374,5697
851,13064
390,6966
1764,17700
222,12672
1619,11059
866,14648
1090,5708
1889,10884
1891,10125
213,13916
1151,13912
652,16466
1031,16886
47,8835
946,17422
1257,10
1289,13845
582,13967
1461,12911
1841,7536
1360,17583
1914,15948
1311,16219
827,10630
744,5792
512,4217
1743,7497
559,7240
1614,16744
946,8445
1275,9586
1841,4316
1149,9089
1730,16070
1889,5080
1390,15272
492,8092
574,8889
1197,9322
775,6311
414,10139
296,13492
1192,9118
1954,4036
237,1302
1918,15633
589,16198
118,15616
136,4354
911,11646
351,15395
1933,7213
107,10385
156,12718
851,16090
1399,13151
1303,2333
661,9899
1430,228
157,8211
27,9875
1662,2059
1869,5269
1021,12022
1298,3534
1939,4751
816,12394
1992,17232
534,4631
1818,8024
1883,13877
749,15701
117,10958
1649,1997
1340,9699
1883,11131
552,17245
296,3742
1722,13744
1148,9541
792,6746
873,6472
1827,11966
389,15954
1544,8885
1295,132
1223,15412
1747,1450
68,7085
474,495
75,9960
1935,12317
1006,4442
1294,3462
1837,7684
1883,14271
73,13345
1543,7397
1849,5174
942,8136
674,7923
849,8473
1850,4871
1975,5460
1166,11008
526,9080
1254,10363
919,7295
866,10191
1863,3011
506,6245
751,5551
225,6709
576,3503
1299,2882
1290,1529
1962,15713
433,6359
111,17483
541,9934
980,12889
1528,2358
1284,2680
917,4911
1716,5398
368,16505
1328,3335
834,12808
854,464
1027,863
137,13689
540,13036
439,12424
160,12996
1250,11142
474,17712
1468,6890
1946,8005
1008,13224
60,15102
476,7785
692,6915
1975,12475
1124,2122
884,4971
1092,16277
186,11648
451,15711
1773,4310
1126,10826
1904,5193
1676,3411
794,5194
733,409
804,10784
1015,13168
760,2297
80,875
454,14344
240,15022
1443,1942
1503,12260
1442,15139
1682,5870
185,8369
1704,3745
1504,10241
969,14817
1242,4060
1151,3761
557,13291
448,13217
1560,12130
946,17115
639,6345
384,6948
982,11319
579,1763
1077,5534
1143,9509
1709,6970
583,3830
674,17272
1404,14872
968,11540
706,561
764,10288
1383,14864
1706,4799
1152,14087
150,16349
1865,12900
1896,12926
1379,3581
1484,4811
970,11422
1028,16216
152,16540
293,5256
1550,4049
1869,14049
1564,16106
1771,15669
1518,16046
1725,3012
1128,14
1279,7179
1259,6388
638,562
1681,8139
777,12345
858,15603
486,10326
1277,6150
288,3490
609,8095
519,9765
1155,5028
1223,14787
755,6424
1893,9245
43,2751
1310,5268
764,15567
1340,8686
1978,17684
928,15694
247,5046
1930,4290
124,3512
1892,4331
1301,2994
820,13224
791,8993
1782,2900
754,17337
1807,16996
943,4616
557,15487
144,1028
1370,16183
1142,16638
1415,9852
1297,15263
1865,8882
424,16190
1606,890
1807,16461
260,16011
43,16170
889,15238
831,14344
1918,5326
1047,5462
639,1453
1634,1848
1998,4220
1964,2509
1747,5830
920,13574
1380,1404
873,15579
1384,9136
323,5436
1371,4933
1535,2463
705,17623
1390,14206
1388,433
376,3234
1777,15446
1969,1753
299,13139
671,11446
1516,17596
533,2341
1664,10743
411,851
1138,17742
225,3049
1239,15673
89,7616
1731,3556
1459,14649
1060,15443
964,2486
465,745
225,5411
714,14509
450,12020
1234,17489
1515,13901
1615,8738
667,10688
956,8578
297,3974
1731,15254
1328,33
1760,3140
1879,15175
836,15547
1964,12723
771,3342
338,11328
589,921
620,16521
1783,518
1809,12781
1813,17282
437,17530
70,17842
396,12120
1809,4914
384,8462
1163,8198
1411,15208
1474,14160
1271,16570
1360,16199
1939,16377
862,3576
1604,10845
1401,12049
1919,11022
1730,13199
523,9547
19,12528
131,2832
1557,9358
940,8009
1777,7259
1121,8186
1005,15136
1909,2997
555,1848
1559,14107
825,3285
1029,1582
1783,12851
576,1806
1785,15154
801,16206
407,1166
1579,5758
1197,13384
1916,6792
1631,17725
163,1873
1758,6567
243,14303
1732,13000
174,2195
884,16463
879,4481
1352,2216
1551,13182
639,3614
1521,13236
949,8783
1559,14900
1099,10944
37,6864
1985,10462
65,11616
943,9176
197,12050
322,6599
284,9889
1183,11862
1068,16962
546,3642
1012,4909
774,555
193,7877
1791,5331
1690,3606
1329,6369
639,4995
429,6309
295,8539
1181,2562
1797,26
299,14227
574,11122
853,13658
1117,14063
10,225
818,10579
547,347
1029,17498
1578,2591
1974,8242
764,4571
225,11451
1079,15935
637,5899
1504,16055
682,340
654,1122
1018,9836
1674,17846
1434,9721
454,10276
1088,11602
180,15829
688,1392
1544,6163
62,220
221,4762
1150,2984
363,14817
351,7511
957,7861
986,17294
742,15779
658,10943
1170,10791
4,1898
1901,5441
1200,15289
532,13444
1835,845
632,7608
1802,5138
1624,11070
1903,3714
718,11996
1025,15065
1612,10034
1489,5745
1811,13718
1625,4870
367,7062
1511,1974
219,3225
23,6896
1566,16567
1318,5486
579,12014
309,16814
179,1344
1278,7070
1987,9683
1251,8706
1657,10387
879,16708
1035,13215
629,13122
778,4034
1162,4150
1409,3582
502,14733
1896,4203
144,16875
156,16997
34,13684
1351,7854
1346,14044
1248,12391
1689,7889
222,17116
1690,3517
269,9399
1826,6438
1612,7393
755,17889
1124,8099
1762,10055
1918,7792
342,3690
1930,12330
794,15313
1814,7608
1443,12002
120,8807
823,8680
677,13137
1843,3607
477,6575
760,17321
45,17467
1173,11267
682,15364
1597,15969
957,12121
1593,1171
1352,6772
1199,11730
1121,7327
821,3643
64,4993
768,12651
1999,1534
1897,10701
1852,7992
977,3842
1544,6282
1787,13214
1219,523
1540,11717
532,15428
1748,7476
1462,10519
946,7305
416,10919
1214,7104
1036,1376
1949,5763
836,9462
72,6589
967,12056
321,4583
261,1198
1508,9671
642,745
714,12020
934,10042
1561,14257
1510,2723
288,12643
670,3871
719,7840
1861,3594
1422,16569
194,13779
85,8294
435,12582
1733,3336
1188,9196
844,1030
1976,7119
1764,16685
1314,5140
641,5057
932,77
1611,5786
38,2107
672,3810
1168,7885
1174,14191
1608,12207
850,11809
1464,10753
1148,12893
865,8466
928,1844
1504,3522
1544,5296
1591,10453
1672,15643
581,5539
1792,11033
1909,12869
964,12799
1891,14405
11,15586
1403,13171
1530,186
706,2747
1169,12305
1946,6459
1325,4854
323,5526
1282,10404
1117,10834
1242,6711
1858,8725
1914,3059
901,15898
1993,2306
7,3683
1605,7863
172,7096
631,6664
1320,2789
1428,12930
1039,9977
365,11474
1465,13530
968,3999
1987,11735
1014,15018
1482,3575
1054,12446
928,5364
1234,5878
792,16707
217,13560
372,5815
827,8408
1329,1481
261,13873
1265,10545
1961,6268
394,13222
114,13606
468,9187
1565,13251
729,8531
901,17703
34,10438
1302,11827
663,2551
1837,10123
456,6138
392,15712
835,11317
148,8347
1349,13573
1824,900
1730,7208
118,7420
1936,4350
95,13760
1626,14087
387,7392
66,13382
1004,436
1615,676
247,2778
458,3110
905,17081
1256,15755
1452,7076
390,6609
1545,2166
857,307
1549,3529
865,15482
641,12490
501,9568
1383,13156
1406,5233
629,4332
1530,13212
892,15736
445,1959
445,6759
231,8950
1618,14143
1423,4460
680,2190
460,48
1603,338
743,17820
1486,10710
106,12751
910,12070
1714,15860
246,3616
187,10781
165,7930
594,2063
1330,13500
1495,4817
673,8609
1665,5787
1104,10059
611,6753
905,17101
51,11980
213,11535
1521,15817
1418,4780
684,13979
131,12271
130,14310
1684,4208
1282,3709
689,14721
1314,7113
91,13215
513,13542
146,4282
530,511
770,3418
350,8915
687,4160
1406,188
507,10336
1049,12115
954,15143
1518,14408
1860,14522
1483,10029
152,10209
1251,8448
514,10754
1574,12293
1286,13655
291,2401
1405,2657
1683,17010
1543,5897
453,6981
1034,15029
918,5333
638,4842
541,8982
1335,8540
332,6606
1660,6483
335,9391
330,15873
838,10021
311,14782
148,13089
284,192
1940,16616
644,14155
682,8892
1262,12945
1689,4853
793,8945
1069,12244
210,1554
1470,8457
104,14505
1948,17284
481,10514
84,15304
833,17613
1871,2644
1980,4096
1247,393
501,253
589,5026
312,12117
251,2053
1928,17583
1411,14507
1415,6869
1776,9555
40,13773
1388,13744
1486,6746
384,9740
1006,17071
630,592
303,13494
530,11087
913,2012
827,1428
847,975
1968,7784
540,17448
624,7777
1126,9446
592,9188
1430,1702
975,15552
15,10026
1383,9962
361,14058
559,9949
1405,3687
15,529
1063,3525
1526,4038
587,8352
1575,5952
1820,604
1712,3867
508,1865
578,12204
1271,16023
642,4744
223,17888
951,15030
937,13006
1866,11346
645,1671
594,1450
1210,4314
1705,14977
1154,12577
234,5785
1951,8910
1377,5336
617,6949
288,4680
843,13796
1798,3852
55,16033
1186,17169
291,10946
741,17702
133,14715
219,5236
105,13050
972,14625
1123,8544
1696,16481
174,11803
609,5021
282,5236
1171,17918
1065,12981
729,10109
563,16762
1550,7723
1973,1691
1807,10534
736,11399
1318,15650
497,2189
937,7786
1,8589
1390,11003
787,7130
1285,10490
1781,10260
657,1101
877,12592
144,7497
998,175
619,15480
598,10230
466,6844
390,1808
1313,8280
113,13329
127,16396
388,13515
842,5538
1095,15674
1938,4248
388,14586
1767,12657
801,16686
1650,10442
711,11255
92,17828
1293,2500
1682,3314
985,11344
1790,5339
1256,8303
1012,9432
1269,10182
1765,14200
1101,14915
1821,14654
1971,10537
1371,15091
682,2355
1733,14643
408,1587
861,14261
1914,17199
950,13
56,4800
1522,12059
1961,17166
1650,284
1224,6547
1105,5365
294,17889
1970,12594
1161,5657
1992,2496
966,9219
159,1383
551,13896
1222,172
247,8740
1909,599
1731,10949
1206,1174
1046,8163
343,530
1841,10212
197,17354
1894,14527
337,15885
1380,58
1919,545
51,5154
1365,9104
146,10734
1563,4900
1242,13024
169,10535
1502,13017
1147,1828
1903,6245
1839,13385
404,3414
746,6652
213,16208
1976,10725
1586,16408
1182,2580
1165,11681
1987,219
950,16256
1578,4681
909,16720
411,11216
1495,11575
1996,8117
21,587
538,17040
507,3095
1875,14582
811,2841
1198,17275
1139,9682
320,8167
1999,1621
811,14511
1201,3496
160,3381
503,15310
793,10286
1742,5091
446,8945
1039,16694
612,17116
1045,9862
1733,16174
910,11861
133,12937
1344,12011
1135,1397
1289,6417
1551,8094
872,16620
491,15506
1863,371
343,11594
1800,8321
809,17093
832,7930
335,2852
420,4455
1243,12869
994,7235
1165,9662
1655,10780
1054,807
695,10157
1487,12892
175,6078
1079,5560
1851,16459
1639,16221
271,14580
1231,8151
320,413
1779,12514
135,731
1201,13037
776,3206
1298,13295
488,15346
117,5656
403,6109
1846,3943
1226,6891
773,4169
1729,29
1691,16793
641,9684
111,16908
93,1430
1426,5704
830,14356
1946,508
536,1072
1662,11072
61,189
1731,13378
1596,15171
1830,4043
1695,7300
1432,13261
1135,693
1523,7351
1029,4605
1284,10809
1732,5985
1901,7394
575,8157
303,16414
1021,5937
1567,13612
1472,838
1188,13781
662,3908
1076,3129
1901,8698
556,8833
1375,8838
1333,9531
118,4448
323,13546
327,17229
558,11446
1045,17763
1378,17006
687,7188
1374,9561
155,8465
1710,2242
350,11934
965,5614
1284,7206
702,7683
1648,6254
1915,477
1019,3656
551,17512
1051,1408
1581,4647
874,15344
406,750
1083,9130
1982,16470
1470,1556
1315,8690
47,4783
889,11726
419,16045
713,11095
73,1420
691,8181
637,11707
1201,2001
1731,1987
1120,7267
397,8102
768,2844
1942,4431
275,12274
663,8634
1086,10097
962,17229
1291,5613
1574,15730
1536,11023
1686,7887
1893,12727
1762,15145
564,17890
14,10750
1968,15467
397,15241
371,10842
1017,16425
916,10961
797,3833
1437,9931
1023,17441
1663,14299
490,13708
1719,13410
1102,5443
1547,11441
251,3081
134,12606
458,6398
708,4286
189,15292
1260,9468
267,14974
963,14038
1935,9653
908,4873
1304,15962
932,14793
501,15016
17,8609
1322,818
1974,15870
750,16134
1229,14775
1368,9870
1218,7331
357,7625
569,12839
555,4263
1591,5078
440,626
651,1293
274,15187
1133,7395
1683,14447
102,12776
1999,13744
434,5686
1939,1286
576,17248
1341,12824
539,675
747,6815
95,7799
1101,12567
1392,3403
274,1020
1282,12889
602,9975
1676,2457
1130,2321
498,17868
618,1999
831,5431
832,12721
375,6211
126,3681
342,6258
1092,12912
1391,9839
1120,449
1343,6517
1014,7087
1115,3979
1720,1483
1176,3161
156,5084
644,5019
1453,2492
1325,13657
143,4536
455,8624
310,8452
1300,8364
149,5433
1468,12166
677,1093
644,3949
1395,8620
7,9689
778,7129
580,1895
362,16572
728,14135
1661,15003
102,1088
2000,1313
1291,1826
514,3818
131,3323
1598,1870
335,17316
629,5639
1077,14818
1290,17540
1534,2229
1522,15829
1678,5893
614,16695
1990,13809
12,869
1122,15998
218,3314
39,3630
56,5794
1712,3142
1428,15354
1832,1073
346,11275
630,7255
1847,6615
528,10450
1438,11615
537,11809
292,12579
1633,11712
129,17811
902,15245
697,9035
147,10772
375,13672
500,10322
711,6482
1352,12660
1201,14732
857,13885
955,5038
1084,3830
1728,1206
427,9752
851,10400
1226,6648
1155,8330
1997,6352
700,14205
117,5846
977,8907
499,8196
1063,2279
1815,10088
105,2698
253,3555
1209,13701
1171,7101
1080,7433
1024,9214
919,16797
956,5507
1914,2095
491,15342
1058,3560
142,12783
564,4114
559,15541
1544,15154
1301,10731
1194,5753
333,1991
154,15710
1726,1026
1520,5035
517,10433
345,10529
873,17883
346,12937
1937,2438
224,12615
1475,9808
1256,14197
713,6886
1177,16862
1012,5315
595,7822
1857,8008
517,14948
1698,657
1437,5705
277,10626
1886,13965
1786,6654
858,2739
218,6486
1175,9851
249,11674
1060,4485
525,3424
1861,10935
1773,3174
1157,14871
1306,1382
1152,7778
49,8335
429,7201
642,17471
588,5777
1529,2408
1078,2926
1530,15443
1036,2896
735,4775
704,17833
1211,15837
1129,8588
1539,8274
618,11828
1649,6678
913,3618
831,17476
1427,379
1680,10614
898,2805
1398,2677
1916,13768
1918,17583
1332,3445
907,15389
1327,4057
1901,14963
1578,16850
707,16978
1295,17193
694,13310
1329,11355
672,4244
980,12336
815,4679
872,2803
41,14598
1990,9769
848,10254
1430,5727
1499,11011
1801,14159
1874,11406
280,2458
98,7677
578,2119
462,15855
1185,15198
1675,5952
551,11750
624,2363
1193,7609
790,10401
1678,2252
1557,12193
1453,1337
123,1974
573,14850
1692,15500
1620,12898
854,12215
133,8400
1574,10516
1717,5104
753,2187
210,4999
398,10771
174,3000
1065,14685
536,1877
1073,6663
1098,4134
1354,4948
922,13774
1663,6985
225,7986
596,1446
1249,13325
935,6820
1946,4216
1193,682
1746,13948
612,14205
659,69
1961,17029
1164,5154
1089,10889
417,7729
520,10805
216,247
581,14878
1908,12366
1248,15065
1934,17835
1073,5033
915,5566
164,7471
1076,207
770,9411
1609,4451
614,16482
244,15716
402,8178
1436,1135
1199,8264
1081,13263
1644,17252
1136,5724
897,12544
777,17243
1102,4447
434,10094
307,14444
1084,5814
1617,11124
881,12107
1638,3079
107,17010
10,1519
190,16202
1717,7098
383,17068
909,276
1796,12305
53,15060
1748,11610
330,17232
1309,3409
1632,955
410,7237
623,8918
1322,6104
1860,17456
88,3592
1255,14362
1911,6190
280,16409
485,11979
5,11283
18,10162
772,861
1650,17112
1221,15742
1423,14326
1680,16435
629,16605
76,13779
954,13055
994,7496
1434,17791
857,14585
893,5113
664,5478
1850,10346
1517,15185
1536,9767
580,13166
618,2935
1627,3561
1659,13178
598,13257
1592,1869
305,13892
1030,5877
858,14725
810,4498
934,5665
1998,865
71,4840
1204,193
1675,10984
1286,1653
204,17363
1089,13132
223,14473
613,6000
1715,11331
1901,6325
236,17657
937,7675
1139,4751
75,6740
1950,17114
1453,2847
370,9022
996,13112
1749,12260
1771,14797
769,7636
1859,7912
446,17115
1020,167
790,14749
1574,15086
853,5682
99,9108
179,11481
737,6241
1475,4689
739,3138
1746,12174
618,9568
161,4872
213,1571
463,803
139,4213
904,15601
1786,1057
283,7327
1564,4952
1216,15124
1200,4300
742,2510
802,8391
194,1702
1479,10901
901,2588
862,12690
308,4892
1652,7822
1445,16291
1614,336
72,9255
1090,12116
411,7715
1451,10611
1835,13150
1521,12883
1539,61
1225,14754
1204,2502
1123,3314
239,10150
1312,6840
544,3078
890,963
976,16558
1043,15669
671,15098
1951,13028
1098,8948
796,8030
157,15948
37,8431
668,7536
1029,9544
255,2579
1777,11766
1955,9313
1401,7363
634,3528
1542,3259
1999,5250
676,16732
1306,10356
753,12810
799,16045
1251,12055
1674,15275
1741,4605
1213,7563
1315,3109
974,4481
529,5312
246,12103
921,11593
626,910
1442,688
792,454
1893,3455
451,8542
916,14825
40,1318
1406,2360
1146,12657
1851,13889
920,7183
1713,17515
1490,5744
1391,3925
924,1902
1378,5461
232,2385
278,10735
1023,12764
909,11364
991,493
1337,12602
688,7884
890,4013
23,8413
24,12409
955,11594
707,3625
1242,16437
1400,16127
1339,13697
348,13544
1157,5860
122,1205
786,11864
1254,761
1295,6599
1591,2993
1361,5084
1063,12269
318,5489
10,16058
1832,17406
147,15918
111,17147
165,12230
564,9007
110,1959
1599,9725
1726,3053
1346,17707
1482,9894
145,4315
1756,4517
1005,17310
939,2854
1920,9994
723,9346
204,11711
1510,10185
1289,7064
437,13272
1510,346
1444,9369
35,7640
53,6406
1901,9258
1817,16631
1485,14275
1480,14537
373,9002
1231,10120
1328,11797
679,4546
614,982
779,16890
773,11789
1315,620
961,2606
235,13733
1261,13361
987,10885
614,5627
87,4340
944,7840
119,13802
204,13424
1071,8754
1291,16523
1583,17642
757,3403
200,8254
318,16779
753,17775
211,16454
1145,13718
1720,6893
1389,2862
299,11623
406,6471
806,4651
1632,6170
1494,6831
818,13675
1252,10081
622,11046
378,16947
836,204
1923,7857
82,12292
1065,9798
21,17404
746,2349
1937,15788
822,9335
1476,16697
52,15158
782,8026
1127,17450
1250,2471
1915,6338
680,2319
531,10715
454,4941
1501,12026
1960,4887
673,12243
1366,17257
245,6508
596,16938
1316,3436
894,8518
873,12878
71,4937
1972,7094
1952,14067
732,13037
1085,10770
239,6426
1363,12572
109,3003
1726,7010
782,13802
1134,632
416,9673
651,13525
714,13780
1826,8069
604,1349
165,1367
1779,16120
783,14389
825,1788
1036,1174
1759,12305
1996,16704
1910,4719
405,4734
653,15472
1994,15610
274,3354
289,10801
345,15729
765,13908
1080,13019
1243,9373
376,1524
1889,2232
831,9753
1017,5090
1401,12996
1322,15387
1359,16281
1694,15439
474,11696
694,7009
320,15228
1709,11928
1195,1746
7,16337
1477,4515
1937,11724
122,17639
1268,16596
444,11797
254,4330
1931,12390
602,341
532,16108
237,10203
454,9358
72,12136
486,3350
88,12423
72,10479
428,15299
1841,10232
939,11761
1985,5483
1152,13203
93,182
1220,12870
434,4939
1232,14454
324,16465
1949,5691
934,7987
333,2718
322,6880
1986,16537
144,14971
1909,5874
162,11974
1645,9623
1374,15677
837,4748
216,15669
301,14320
1348,10731
744,8664
198,921
34,1521
1301,10595
1180,6570
1493,16291
964,6406
1648,7044
1285,1487
467,17797
1070,4388
95,12965
447,11343
895,15576
1128,9324
202,17635
1166,3540
867,16277
1163,9604
1360,17179
1476,14923
797,8436
1813,15849
1794,5317
356,6522
618,9465
627,11107
647,6433
184,3520
1590,13587
196,12559
987,17220
1393,8132
1246,17122
149,7120
312,4517
570,12652
524,10976
723,5274
7,11091
855,5179
816,6603
1696,9354
505,545
846,11948
23,8672
917,1901
1416,1297
319,11617
639,10360
726,14572
1390,8535
78,3065
446,9600
683,17273
669,14031
50,30
1039,7771
853,7311
456,15706
1040,4890
1954,11247
130,2004
1951,11231
1497,10569
30,1545
742,5124
781,511
1496,14459
273,813
944,10713
1962,3510
1141,6721
866,8891
522,11909
476,7602
1672,6855
1453,6345
1556,15366
764,16633
1470,14984
281,14282
936,3897
1746,2245
1246,11824
63,1593
953,15583
1197,16938
375,3433
1025,17147
163,16166
688,3130
1223,1808
1374,7021
170,16689
561,5569
971,14539
670,14351
1749,7991
295,1916
1409,882
1118,10745
1881,12196
268,1476
123,16079
723,4212
1921,13084
79,8563
1047,2418
649,14893
810,1629
1213,3989
267,2521
1622,11732
1627,16527
1767,3788
1913,4044
1573,13199
216,7545
1555,14278
1353,5271
372,1687
264,16102
503,4542
1220,12188
1572,14677
1064,9712
352,10196
505,7516
988,15190
490,2719
1625,10280
1078,10544
252,5588
1322,2187
1479,9886
236,13260
329,10819
1119,12018
1801,13046
301,16343
355,10341
1583,9830
1347,17145
585,12050
574,7669
486,2427
1483,7308
1190,820
14,7785
646,11512
1065,10779
749,13523
1531,8726
950,14575
861,13911
1104,2972
1368,15217
1238,3511
1064,16687
306,3993
1453,7445
241,16300
1795,12979
1567,13426
1379,11853
204,538
487,8361
1819,5810
530,6794
1692,15799
1401,17886
702,13423
1361,17414
1854,3928
365,12633
1473,2829
1192,4536
647,16879
1199,3172
367,2489
592,5669
1766,17247
1841,9936
1804,16600
1281,1037
881,13567
1713,10330
1940,615
893,4899
635,659
391,3837
560,909
428,3310
195,11415
1277,10463
534,12410
1782,3338
581,5338
479,1024
1150,6517
1435,8703
1537,14629
1799,9468
1831,1228
470,9848
954,12498
313,4427
832,16171
1185,16639
159,5747
1058,15295
1543,15454
859,13283
1258,5250
1137,14146
1572,11627
774,12557
343,6804
47,5832
994,1947
90,7747
785,11384
1529,11946
1916,13612
1446,14062
466,1336
1364,6095
1433,3265
1166,8343
161,1643
1425,12037
1602,17299
446,5104
1233,13243
635,13340
592,15436
1124,12534
265,10437
278,17360
1666,264
310,17149
1013,2236
254,8374
1071,16489
421,8693
947,13234
1588,17829
1983,14225
1113,5434
1297,8209
449,12673
1273,11018
773,14295
1092,13854
1537,8441
1869,5969
781,10470
989,3911
743,8800
81,6855
964,9168
1263,4979
1565,16757
1790,13255
1755,11723
1190,4816
289,10049
669,13166
1152,5609
1806,10795
1760,361
1781,17637
1362,10692
1029,10326
869,12912
178,14118
945,16489
1375,5377
688,8802
1787,1905
720,17374
237,3325
1627,7915
1379,3738
66,5957
541,3168
919,1116
1634,8963
728,6877
1598,1361
1414,16219
1327,13393
695,17396
1412,17907
640,3593
1951,16059
286,15261
838,10763
1692,17787
292,15079
1694,5499
1204,7016
1000,7962
684,16024
990,13634
329,15782
645,12746
1966,9214
1370,14299
1535,6264
1180,16716
1359,2335
839,753
1498,9360
402,8910
1116,16080
838,5791
1723,5050
1501,15604
240,13868
1237,16813
531,17667
1614,14778
1657,1412
1276,14232
1833,6085
1219,4636
151,7716
1108,14955
1607,6681
1867,17685
108,13013
1306,304
581,1193
1394,10488
498,16581
40,11247
665,2528
1585,2047
155,1409
304,14544
1835,13031
1072,3091
959,13496
1423,13440
987,4869
156,170
1335,7885
220,6020
1604,17186
122,3392
1004,1477
1475,9621
1065,12202
905,14516
716,15135
1749,2617
944,13860
1799,4855
408,440
1018,2933
1612,2152
1119,16332
1955,1060
591,4038
633,15949
910,4267
79,334
1462,8315
1595,6453
411,12700
1811,10321
1243,8470
1246,1350
997,16288
1044,3213
1349,14277
1629,4212
1189,6908
595,9114
1673,13683
172,8654
1865,10437
1647,14074
1552,3359
1401,297
1276,14788
1727,16419
398,14336
368,7174
15,8250
396,40
584,2842
1117,15543
146,8136
476,11449
1469,6773
261,6767
575,9024
1317,25
589,12668
811,2373
1892,2382
1620,17339
1830,7069
1322,2513
1701,12364
238,2474
1813,7120
1809,200
1346,10337
449,14669
77,1138
860,14215
665,426
1746,3446
845,15827
763,12783
1453,307
1450,6057
1498,8755
1276,11747
1331,12647
1819,431
593,12320
671,10741
933,8612
1421,11443
1446,9246
395,16239
1551,17467
1126,16070
1666,986
1907,3845
1633,6862
467,11743
1723,11024
1251,11269
315,16800
1553,17083
1916,16219
357,15583
906,10874
1041,15027
1637,8319
1425,5445
736,6740
1419,15112
1776,14195
769,15594
1325,17144
1442,15781
132,10982
1429,17843
818,11682
1168,13019
1705,13787
492,4816
639,11194
1353,13680
1540,1781
701,2766
493,6930
1775,1585
464,12263
1375,8655
1174,15926
1103,6052
583,17483
1180,11457
387,13207
280,2536
1479,13485
1304,7937
1901,12183
633,6786
1754,526
716,11108
328,882
582,6312
503,13084
1283,11278
567,4234
183,4845
1441,17018
923,15923
1266,6891
1608,16797
33,5214
567,7068
818,12048
764,10778
430,13563
1149,9920
1023,7983
442,14288
570,15094
1178,12481
303,9208
1774,7951
333,6378
874,3080
1658,6996
1548,13569
1494,4136
506,86
928,6680
1971,13900
987,2987
324,8026
1245,4680
514,15279
1434,5265
277,17306
1991,6299
1859,13199
742,12331
984,2212
1458,15594
365,11473
1993,1113
908,8350
878,4956
1787,9267
355,2547
1827,13267
841,3816
1799,12738
1944,4630
1437,1675
1873,14789
625,9195
758,10800
1835,12327
1721,17163
1948,7321
982,4709
1979,398
1186,274
919,12536
1174,4534
1722,7829
1837,12006
1469,5167
7,8940
1787,13528
1295,2020
1696,7029
623,4992
762,12972
317,5985
1160,5018
236,13296
1522,351
744,6104
550,13137
916,2484
1648,17218
1412,2916
1786,1009
1422,10246
1929,16167
652,9096
379,275
862,14512
876,10150
991,5780
502,2054
192,15763
1271,12613
1095,12860
1217,12296
1266,15808
242,15212
376,4508
230,8254
338,10222
1900,17649
1399,16919
1153,3531
1763,13157
770,482
862,17662
1649,5940
465,977
1218,5354
1627,619
1038,8905
519,8213
1206,15579
759,16947
98,11318
1884,7596
708,10851
295,17593
120,9984
1285,9034
1832,1621
739,8122
1083,12390
1923,3395
903,6209
774,14067
354,11670
1613,9776
1542,12206
1362,1935
1905,14350
747,8297
1414,788
1922,11517
1448,3072
1038,3287
1638,5296
92,15197
95,16376
1528,8368
145,16120
1051,910
774,284
516,6809
1521,13998
414,9606
1191,2071
1191,6316
798,15
1174,12849
778,10505
598,6100
1581,17311
1296,16722
860,5099
147,7140
97,9815
1766,13145
1973,15823
1207,12748
1632,13512
720,2007
1597,3936
803,12204
664,823
351,11860
820,4681
590,8476
699,14835
604,1943
1769,2957
927,9018
958,8086
523,3523
43,2778
1042,1594
1651,6354
366,8294
865,13727
787,16480
1031,7751
457,10263
1310,8958
1446,7398
291,9649
247,3193
1597,1011
320,10614
492,8445
1140,13023
1143,5538
254,4685
1773,11100
290,6433
1482,672
1433,9550
1007,14934
637,7575
1094,7461
1130,6241
1923,2899
1536,5997
551,6308
1386,11033
1349,12013
1286,9655
245,6736
226,16083
1938,13909
826,13150
1007,5875
1120,15812
531,1339
1806,10714
1652,4335
1799,16371
389,7337
1781,5418
1774,14529
298,933
1711,10148
642,11672
110,9432
1923,3129
1039,466
1125,13544
1605,10766
67,12774
305,2436
1383,14405
984,103
269,6921
1379,4681
1455,1112
1753,15921
504,1897
727,11151
1100,7799
1241,12364
1164,15378
1534,6263
1101,5705
1174,12088
1617,381
1423,14450
153,8068
22,13947
1334,16299
859,6480
720,17080
1191,4690
421,10071
194,15752
1904,10377
1640,10532
538,10477
697,16049
791,16550
249,4759
900,702
1775,139
1266,10274
1862,8573
1971,8902
1953,8314
420,4250
200,8017
912,15718
1757,1144
1612,3574
1926,2016
857,12422
387,11350
670,8311
503,13332
821,14098
1382,15464
1852,14405
1993,7053
1578,2290
693,11702
664,3256
49,13500
1436,7338
351,13717
853,16587
1206,2049
1515,1399
566,187
342,15236
1154,17110
1025,8180
804,4555
800,996
1016,16048
1369,15882
1540,6798
761,2303
1536,691
1326,8750
1804,12956
1281,2081
817,444
1801,14714
680,14214
1557,15656
561,8003
571,11303
729,16992
802,5760
146,8403
930,5552
168,4690
1182,16210
1782,12007
1957,3010
1097,1064
1215,11753
1886,17629
530,6831
1846,8861
46,11363
462,4868
50,11887
1720,14809
659,6285
293,14385
516,12755
247,5526
1788,16518
136,14385
827,6937
1378,7632
722,13265
536,16022
1522,4358
65,6020
1924,15415
796,15185
1079,13741
986,15548
768,13314
1761,13620
956,13546
1228,10554
1151,12560
1912,15381
1983,16909
1424,14089
205,8852
15,9719
141,3197
501,7269
242,3223
174,5885
1076,5015
1099,8680
1505,7496
1938,6800
669,16456
705,13768
873,16279
404,3315
1603,5543
781,11183
717,10555
59,16406
1889,16045
274,11329
1589,13394
1743,6376
391,13254
744,6716
1607,10355
1556,1492
420,2702
1838,6205
1252,11702
1056,4032
594,10477
1445,3990
1206,5513
1834,12414
511,8772
1884,10189
1741,2004
1475,5848
946,2813
1335,8319
626,9922
413,1245
1685,13183
1715,16460
1875,2186
285,14639
1228,17172
1917,17431
1431,7135
1940,2118
1624,11814
1831,13540
1174,15272
840,2974
1297,9201
1621,3225
130,12036
1447,4986
1732,16996
602,13017
916,3160
1307,2196
654,6602
221,15547
372,17579
1865,1633
199,16071
1389,8226
1536,3852
1155,12776
1605,6663
1340,12861
1710,469
81,4519
1950,2426
192,15057
533,6473
1691,17455
1620,14567
1960,8316
387,6797
672,2497
1698,2335
531,862
1605,6785
1343,1341
1991,11024
1567,3367
954,16196
952,12789
398,16353
1590,1725
30,1366
1690,15585
1525,16125
928,11247
855,12699
610,17130
367,2463
1198,12117
947,17911
1992,17404
1727,7980
710,453
345,6431
367,9196
1953,9634
694,16563
1010,9573
691,6781
1483,705
1438,5755
956,4851
897,11193
1982,1174
476,7943
1387,16527
124,2017
1757,13345
113,6507
670,1094
549,16676
1483,6109
831,14526
693,4883
1585,6851
1687,13253
857,16442
513,3919
345,14067
1584,9106
1229,2613
898,13405
188,1267
1565,17768
1274,14043
1750,15713
1180,12019
1224,7497
1253,12926
210,5313
1797,5154
958,1491
935,17833
1169,5059
175,2112
251,9329
1598,14864
1450,9846
325,1086
950,6470
1170,17193
1561,16143
1151,6123
209,15554
1894,11309
11,17069
1368,13080
1069,166
1989,9456
1259,3905
531,8005
1637,12382
145,5278
1138,17192
1042,13952
859,11550
157,8664
1501,2267
683,831
508,14979
555,3480
1045,13158
403,7851
892,9804
1334,15374
1897,10008
24,5736
88,1343
380,7346
1733,10474
416,3069
1214,8122
920,481
840,6527
1023,12975
1672,3367
1131,2346
540,8233
1509,15674
1989,13332
1232,12423
1179,16796
1563,17417
388,15
1834,2562
1774,11915
622,17647
1237,12113
212,14236
1551,5938
613,35
1804,2990
1083,17100
1307,9822
920,8252
1975,7294
1768,8419
1823,10824
538,815
1613,9229
529,7229
510,6912
134,8308
1592,9941
1395,14468
472,9185
969,4073
1581,2638
1855,17479
1158,3186
273,4579
701,15599
1890,12962
669,14275
1725,15958
412,10357
151,17226
95,5246
1201,16934
75,1593
1643,8223
1791,16920
1142,10066
83,12037
891,4417
722,9043
1983,5418
908,14637
1322,7508
1577,10629
1234,10788
1307,6657
561,12554
1502,7125
147,17884
997,7358
243,10806
1752,9192
112,8565
703,1345
1552,15693
800,4937
1564,13394
1668,11940
1755,15544
267,359
94,3228
1598,621
463,11633
611,1240
1390,3059
1925,13281
534,1112
1859,11916
1631,4774
1253,13955
972,16642
1802,8278
937,15821
822,7824
516,15979
1137,17667
1440,17320
238,1504
277,13391
1548,11206
1033,2494
1520,15872
332,11085
307,4872
665,15267
1752,8444
697,9549
1839,10150
1885,6059
1649,11164
1737,1256
1926,8440
1582,13877
1917,11036
194,3282
882,1456
982,11951
577,15889
749,11977
583,934
1291,1008
531,1395
875,9461
1935,12160
573,17722
474,7772
1267,16446
1380,5677
618,6750
1597,11202
1755,6078
629,5289
625,11881
1288,6688
1289,4624
359,1206
1785,5300
1406,16197
1655,12414
818,4107
353,2825
257,13272
1443,6558
1613,5249
1184,7051
1473,16603
825,5905
1846,13543
1103,6282
321,10315
1660,11238
977,17686
1182,8420
1593,11037
847,6805
1707,7464
1216,3762
1373,5264
1866,4030
237,11249
575,8074
306,13142
1110,8690
1117,338
1109,6142
1349,8444
1634,11916
1671,12922
1981,11118
759,3709
366,16600
1542,1379
631,14598
1373,13583
1469,15023
402,571
16,4566
203,10555
716,12908
34,14475
106,7967
26,14054
521,8419
631,7362
1558,12336
879,5824
318,5534
1073,4866
1386,14806
278,5585
1798,10466
1045,5142
1706,7439
1147,14282
1129,2067
198,17854
561,7718
635,5236
1776,8600
1269,4426
347,1647
386,1122
1584,626
1724,2688
1237,1897
825,7756
1334,1932
1855,11840
32,2929
1217,5504
1609,3677
513,3799
478,12492
1356,4849
1790,4608
103,30
923,10842
1526,4076
802,16961
1874,14227
1644,8843
2000,4103
1949,2283
1449,8465
560,10696
1416,6860
460,5429
1467,8485
505,1974
619,7357
719,4559
777,15960
583,4540
738,10658
427,2261
1186,8506
1966,7842
358,940
1768,16012
1246,15275
1383,3830
110,15701
1612,4242
1247,1563
1355,10780
367,4212
901,9419
676,17598
820,8397
1823,8496
1417,6596
1435,9939
535,9577
556,5717
1499,7594
975,8246
684,8394
77,15052
1521,1326
1794,10261
1441,3119
832,12901
554,5210
1655,7425
523,4367
1364,7546
322,11345
1078,14244
1445,11531
1254,5346
383,2229
899,3275
1657,4438
1079,11876
551,9673
1292,13393
671,9724
572,3497
350,7708
551,4476
461,17265
748,7033
1831,13468
1176,983
13,12812
1024,13032
1027,1306
1200,17475
1746,16249
1077,11492
53,4653
1793,14210
638,1132
1379,7813
198,15700
16,8072
413,7026
765,7356
1985,9694
1698,16343
708,7535
1588,9108
26,9422
343,6146
355,5376
1471,6759
263,8727
1334,16580
340,8074
1305,6034
1649,10716
1253,1758
485,14833
991,4630
393,10480
1220,927
1970,6817
1393,16756
336,7103
661,5972
1770,9291
97,2212
209,5041
1962,10423
928,1735
1357,4852
1273,14444
155,15753
1184,12971
786,14704
889,9486
1301,13568
539,13724
1694,7396
210,14870
6,3863
1383,557
468,14640
117,11604
497,15802
1846,8750
1451,9250
1659,15802
110,7852
349,7402
1927,4818
1576,4335
1145,17607
757,6850
755,2170
764,16726
1963,964
380,8542
145,17872
346,15869
700,5234
870,17296
913,10856
1589,14698
433,6491
1799,4924
430,17294
1421,13055
103,14441
396,11493
1357,4765
1725,630
788,17695
1833,11953
864,16506
325,4958
395,13771
295,16254
609,16920
1612,15797
1886,2653
994,859
1438,14638
509,11317
521,1759
694,5084
898,1810
1905,5384
40,12798
176,14806
733,115
1544,5232
414,15498
773,7730
854,17885
568,3953
1404,3257
1901,8671
218,11984
634,11499
1958,8111
1683,5939
115,1661
220,16128
1559,16665
122,1369
1897,7955
1973,8226
485,10786
70,3403
483,17140
1996,10980
604,4882
1306,10239
792,15903
1491,2731
1985,15347
1464,11570
1832,3869
1246,9974
170,11665
1566,15808
1608,2842
1361,14963
685,5666
1927,6217
42,16244
1983,1826
54,2335
1278,10414
1121,7542
124,10035
883,10057
759,10889
1031,17555
1656,4479
961,13533
150,5795
508,16423
1484,3990
1622,14730
583,7598
1274,16140
808,12625
1325,10052
614,13742
1857,16395
1292,6991
749,13286
1576,14434
55,4370
745,5291
1672,13180
1382,6145
55,782
472,3775
1570,12551
488,10661
238,10253
1006,9546
130,1901
931,14477
1995,3888
170,11961
1217,12971
1350,9917
870,17790
495,17122
1140,4643
1744,15320
139,8789
1398,11693
1962,11565
1553,17708
278,13330
306,3198
398,13179
206,12158
1208,14598
1365,10782
1636,825
1249,17175
607,511
1127,13424
1558,6483
64,7435
636,3201
1799,5240
1101,4855
924,5785
58,15776
860,4576
915,15974
1418,5777
525,5795
1788,1191
1609,13787
1769,6108
889,4100
1241,6480
1271,8939
1291,13851
1890,6854
1972,7112
1221,3481
1949,5050
228,14371
470,1602
430,4602
749,8049
1307,9359
1268,13157
1066,1506
1353,7675
1765,748
1548,16333
1440,1624
251,2369
429,15693
1391,13355
1832,7132
133,15765
1422,17850
1019,12884
220,12352
1150,9030
1492,15371
1116,11575
117,3001
287,648
958,1647
1935,15207
1602,14640
277,14610
420,1812
797,3320
724,15491
924,13722
915,15982
1906,12083
1209,9727
1304,15271
109,8735
862,3343
1466,10197
83,3683
1387,14
1983,8588
1747,1471
1352,5818
1415,4409
38,11716
336,16734
1714,8907
688,12759
82,79
1565,11160
1986,8578
878,15095
1975,13388
1869,8425
1148,2835
322,6872
1123,11768
323,12763
622,9260
719,5748
1656,15021
1993,11425
306,8981
146,7407
417,13923
1273,16049
1861,4669
169,487
1225,9195
1579,9342
290,1984
427,7139
1672,4281
1799,1333
1334,3546
218,17103
1053,14483
1463,12798
1530,5160
167,3695
259,6685
681,16374
1033,2359
1988,151
1432,15807
1609,6715
1220,2396
1061,17082
578,15324
310,12122
240,6140
1645,9328
1472,8182
1998,12163
1209,16418
513,14953
1530,2328
168,5881
537,10208
1066,974
1047,17835
1419,11427
122,10829
14,15210
379,10652
1069,13960
469,6168
846,10177
941,15447
1332,12410
1459,3580
1106,11015
314,8376
1838,17387
1506,4574
962,6595
369,3854
222,14031
963,16229
1217,17260
1776,9803
1471,9044
629,13825
231,686
1473,16168
346,11647
260,520
1709,15928
352,1217
497,16557
816,12735
862,2365
467,12098
127,12636
98,12805
437,5407
1888,11087
151,5597
1758,17634
1185,1876
35,9864
406,6957
1569,16320
162,9316
612,11887
1688,9609
1648,12233
953,17038
1548,6529
1289,8497
1888,14
702,3971
913,10460
95,2882
1060,15425
128,8698
148,2413
1481,15382
1979,3219
404,17869
874,17043
550,440
995,1674
1829,16091
706,17168
1326,16536
348,623
182,181
1687,1897
1703,2101
560,7531
1538,9127
468,11813
1862,16047
1333,15426
860,6379
947,10282
791,7911
750,12598
1808,14110
203,10926
1150,16901
607,4011
1345,15135
1934,12820
840,2902
882,11666
98,4059
544,12996
562,11121
1991,5416
338,12599
1787,17071
1290,13718
1174,5591
762,6667
1431,14859
1615,3045
4,12624
1350,12739
1985,14857
1602,4339
338,4954
1760,14782
303,2079
1072,1251
856,3144
150,2193
1013,9608
1721,4787
90,8352
984,15712
542,10918
1929,539
1564,14064
874,6608
276,8388
1541,6073
751,7690
1258,12655
985,9397
486,7111
1591,16399
613,4372
932,1323
1446,14392
1349,17916
1447,1523
525,3489
871,2085
1861,9076
1502,17910
676,7863
1099,1346
1798,3428
632,4590
1452,14054
1362,3631
349,6848
1971,4578
517,10072
1537,11612
1134,6916
756,17017
452,1965
1136,11070
977,8200
1235,3347
591,13755
267,4497
988,6834
1014,2278
1150,6536
679,10823
168,4981
421,8051
963,7581
1519,7282
4,10806
1340,1698
358,4111
864,3081
643,17236
595,12383
168,13056
1396,17196
1463,4391
1840,8140
175,7114
726,14447
439,7414
619,12410
161,1271
751,12134
1345,10242
1493,16265
662,5722
539,7381
471,5562
233,127
1693,4603
605,7211
1812,17872
780,8127
901,16977
1351,6532
762,6511
121,9632
430,2125
90,9522
892,3394
598,10486
1680,12614
363,5951
290,15798
300,9037
1731,115
1980,8343
1085,7738
231,95
341,9644
125,5078
1029,17882
488,3151
775,15363
566,10665
1073,13059
647,15402
1578,7254
396,11856
1002,8456
1677,6198
1576,9178
78,572
312,4118
1740,7256
1756,263
81,12172
1530,1633
551,1356
389,5726
296,8068
108,16280
1763,13381
1663,15872
1994,15872
31,13270
1768,11708
1620,3437
481,13704
901,16404
33,10137
661,16013
521,17180
602,4782
630,2265
500,17923
828,9756
424,3867
1305,8634
11,4193
1213,3867
566,5889
1784,16374
1305,16493
1429,1644
442,10132
1421,14045
182,10358
885,12810
822,2130
494,3799
1617,14773
132,5658
502,1544
1038,14930
1891,10897
1784,10415
265,2847
1717,5005
1819,2122
1808,16907
1277,1434
67,15178
992,8883
79,8850
42,10468
1767,12919
1633,169
1456,4352
916,1183
1912,8561
353,14500
612,15354
41,8283
31,2481
1287,15029
1217,2241
811,15457
490,1557
583,2998
795,13989
1910,11185
329,6518
1724,12270
412,8833
1037,6045
294,11305
1861,3181
913,8207
210,6710
1822,11292
1521,15304
1449,9970
612,2295
1203,8438
738,3137
984,5019
1541,13529
397,11352
1283,7465
780,2299
1105,7124
1164,17381
171,15942
778,16618
1916,17559
921,17006
1939,12666
795,15893
1945,14713
112,13838
1145,6813
1201,2701
784,9798
127,6430
1461,17372
887,11370
984,1981
256,15700
1739,15656
1331,3517
623,3447
224,237
70,1654
1696,5352
691,13167
99,5189
254,11029
1066,9515
603,1408
1641,17103
215,16106
185,2711
1325,4647
236,8183
225,14147
76,1608
1557,3957
882,14916
563,13818
1027,4515
1495,2977
294,4860
788,7157
827,9236
1086,17561
42,9981
975,16828
1193,4058
139,7691
1891,12330
177,4529
1891,11512
272,5030
1726,10052
234,4317
1087,1382
1567,10220
1996,818
303,2618
383,16329
1506,8258
1242,11487
1197,11956
730,387
1056,4166
1955,172
1125,310
1446,16306
524,12319
680,6488
1124,5732
1368,12133
451,3832
1227,4673
72,5273
200,8467
41,15486
1120,11599
609,14775
309,14715
640,8764
1475,16963
1440,13450
1356,9555
1471,2532
1614,16317
1157,5647
885,7525
550,16183
455,11293
418,8703
1711,3897
1817,7531
2,17567
1182,11287
672,4076
1246,17412
1429,7175
1569,10968
733,15576
1844,7162
1948,17556
231,11415
1329,15791
434,11916
267,200
1349,8647
269,1399
1070,4410
1711,9688
79,4272
379,7383
1356,3652
1787,15505
832,10504
1597,10015
1547,5414
1873,14474
180,5218
689,12871
1785,1795
1941,10884
118,9640
624,4743
1568,14120
299,669
782,372
976,15016
969,7187
915,5639
694,13976
1520,16139
1640,15578
319,16511
33,7782
830,1066
570,2342
1579,16882
332,9906
1029,15211
1081,1356
1383,13327
1441,14543
463,5234
1342,14635
536,15141
681,16444
1288,12966
1737,8036
401,8545
1196,16375
1090,16560
1540,299
1930,4798
1205,11106
683,2729
444,6407
1924,8911
714,3973
360,2043
1104,8152
1709,1508
286,4949
357,16968
7,4532
1649,12259
325,11651
97,12961
161,13410
75,4000
1731,8506
800,8542
1881,14247
1730,1874
1196,16903
1089,15696
712,15961
18,6351
22,1969
1018,6970
1495,9448
1658,3013
1052,12605
383,17381
1866,13189
116,11584
1685,10013
980,5577
771,3516
711,12285
50,10692
874,15017
566,13082
1597,13840
1560,2923
1007,6262
1510,12379
242,9138
1390,8810
468,2586
1654,10329
994,741
1957,17790
1053,9579
1780,17263
370,3555
1550,153
1843,10486
829,11279
469,7816
23,12744
1308,6478
540,10660
1272,9385
977,11693
356,1146
617,13549
7,17398
36,14245
457,8386
1371,4181
1608,12720
709,2649
1322,15679
1884,6707
876,189
654,2630
1114,2248
760,12625
1566,16198
1896,992
1052,14669
361,15612
959,17238
1791,12023
1872,11693
170,8370
817,7933
147,11636
1621,665
1056,10691
485,17141
806,17189
33,8284
1156,3416
559,5371
278,13684
724,8262
146,1459
1849,15133
1407,7345
1665,7255
1591,7121
1545,1298
1114,13930
17,14710
326,16417
1544,5278
587,270
1044,6908
1727,10426
1507,12237
528,12319
851,13990
1487,2815
1816,10784
286,16433
893,15949
673,13448
1071,16314
1736,13071
1945,5213
604,10755
1470,9774
1403,11350
1604,1109
1589,9282
319,11981
577,14039
948,8797
108,1905
1916,1191
52,1127
248,779
662,8913
315,15995
177,12318
403,11046
723,3143
285,17493
114,12987
241,4904
1285,5665
1929,5705
1042,3975
874,16340
490,559
990,8270
775,2870
1951,14102
1650,8942
469,10014
1794,3518
44,3271
1940,4891
1053,1571
1418,16769
1603,436
305,10103
690,10868
32,10080
493,10575
1972,10593
1073,4797
1245,4671
1268,15475
1563,13012
740,12720
901,7560
683,9411
506,433
85,17013
1554,6831
654,6590
1035,17191
1167,12087
1447,1701
771,5995
1629,3189
1066,9855
727,8860
1640,11759
1298,12102
420,17728
215,9247
1710,3858
1697,14361
816,16371
1217,3423
497,10737
805,10571
391,13122
430,1718
1107,1253
907,2872
422,2300
1454,6040
643,4379
992,1645
345,5051
1482,9523
835,16836
1379,3120
1751,8670
1150,14740
1253,11430
1030,2959
34,4722
246,15889
336,6224
131,8309
1372,15926
731,13438
206,8052
649,7430
1506,11400
262,7865
1641,3867
317,1673
1835,4454
5,8945
1202,9033
1512,4928
318,15036
898,17664
725,8842
1642,4205
38,14849
673,457
1430,768
56,13022
365,1668
1634,1905
1072,11484
199,6068
1539,8012
915,15478
54,6705
322,13348
698,16971
1793,6827
1303,9926
353,785
561,14735
831,10631
684,14167
1028,13235
1800,2771
835,2250
1493,8725
1376,6950
1817,9850
1212,11772
1810,17884
1243,514
1103,8876
49,8384
347,12292
1157,7432
559,13209
1134,13386
1338,7511
807,15683
1118,12288
184,8636
1277,4111
1057,1151
58,2651
1533,17584
1463,9064
517,7707
357,14883
6,15032
836,6340
1252,17251
79,13521
181,8039
609,15078
1416,13514
438,3088
360,6496
1657,9099
1247,634
1940,3374
1645,11156
329,14072
1030,17800
940,8892
1481,17044
1918,2084
741,5558
1508,7836
1645,15210
862,6412
716,1981
519,2725
1858,16538
1312,4972
1872,13571
942,3061
1838,7891
497,10642
1228,12992
179,7354
314,11578
1739,17239
1258,8449
403,12963
816,10326
491,15068
1480,7660
80,15852
1790,16433
1216,6362
1138,6536
1045,11371
1134,14541
647,2362
726,9236
1411,10689
1605,10009
62,3660
1310,4985
1804,2126
1570,16182
386,15611
1262,6170
1890,9721
518,16510
359,5335
1027,61
647,9362
1644,7711
1184,5058
1890,11845
138,7425
1070,2363
1350,15616
705,5245
460,3501
539,1562
1559,4713
188,4065
425,12832
1702,6920
1764,6952
884,6338
1760,11761
860,4287
157,15528
1386,5268
1626,644
334,8338
1106,913
1894,311
646,7854
1364,16653
180,10876
1825,12865
1248,3169
1946,9059
263,3644
1543,1163
1679,7420
836,3345
920,17877
762,6793
166,9747
874,2949
905,4238
1337,12102
1081,6930
1233,17276
499,2748
1583,5337
986,715
197,17887
720,16731
1737,5288
1392,12382
1811,5804
1532,8113
915,4551
1460,5892
308,4350
668,6410
143,2506
631,16424
1777,15832
50,3796
423,13604
576,320
1048,3596
1023,14515
1552,8673
968,2861
848,9302
1971,6906
1398,12302
648,3198
637,5602
792,1625
490,11322
796,7896
852,12195
1667,1758
1479,15494
494,15733
775,11957
1264,2579
1043,16197
300,7626
400,11103
1160,13583
1285,12599
1273,6981
20,13669
816,12128
734,4618
953,109
415,17269
1834,17284
1497,13469
726,4163
1249,7570
1317,5236
488,9693
105,3467
1740,13165
620,13145
420,5872
909,15410
455,3420
1835,11428
513,12998
1849,200
1207,4141
590,6294
1048,17910
222,7961
149,317
1506,13694
1256,11362
528,12319
140,7451
690,2047
1433,179
1226,5229
936,8369
1010,245
441,4957
203,12610
1490,2531
1345,6520
398,8534
231,8755
1082,17680
808,17147
158,418
928,10687
1590,4403
1,5518
834,4637
284,6656
236,15724
1326,16866
588,1164
1310,114
1085,14094
460,13418
2000,17323
1269,16763
49,10249
973,211
1494,12844
335,12377
1573,9280
520,8507
331,17024
1981,9554
980,16821
1603,10192
1400,5513
1317,6570
1268,8364
1653,11691
181,17499
1545,11434
1803,17615
738,15561
177,13920
1984,15600
846,5737
1299,6499
1114,14035
151,16869
1519,750
811,15232
384,8022
1551,17245
1285,13948
312,7688
605,8216
1052,17543
1598,14480
1515,8886
1593,7897
1428,17464
553,14959
790,12674
851,4602
1829,15811
1893,4024
888,10087
1336,12397
599,11076
473,14221
421,9731
1850,14056
1808,9539
1506,15422
1976,14980
1132,3296
150,17708
1562,13789
1293,9969
551,15491
1663,8568
485,5815
1029,15654
539,2828
1331,3018
1439,9840
813,14891
1280,9064
869,13670
768,5960
1330,11859
1451,8031
1035,14744
193,2697
1909,10520
559,8988
1476,12223
429,14060
1597,17847
1809,13951
1223,3200
1844,14471
1082,5883
1613,9080
572,7059
562,14974
497,747
449,16073
1089,16496
1211,3480
263,7452
39,9501
1973,15488
458,7408
1351,8088
1753,14361
463,7751
334,13531
204,7331
1084,15525
775,9791
525,1429
220,14357
51,13099
181,1467
471,17016
433,9646
956,2186
1263,13188
89,16479
112,8722
1651,9482
828,13953
709,886
613,4179
433,6242
712,15604
1672,13736
1626,17804
322,8329
1138,11832
108,13302
1519,15921
354,997
1985,3760
700,2562
62,16996
965,14376
380,5028
614,4327
622,16861
805,12284
230,14493
70,1456
880,7972
1955,6351
1134,12309
875,15770
151,12384
1035,9721
1682,13213
801,14634
794,7360
1582,17347
879,7825
333,10881
1467,16617
172,12795
1036,1607
558,9195
1767,8628
845,7759
746,16654
1466,14136
1071,13176
1775,9557
1318,8693
650,2157
542,13477
263,3743
851,5195
738,113
361,14677
1198,7815
667,7481
1690,2741
519,14954
693,2622
1687,12633
1500,5383
371,15240
810,13105
1500,1792
204,3933
586,4373
708,16067
890,9094
1948,8319
936,1039
1937,13492
450,6921
783,5076
1828,5698
354,14891
1471,1892
792,15478
355,5325
506,8015
1906,5651
139,6834
1712,6218
933,12359
374,3253
930,1514
110,2878
1566,11321
105,4139
755,166
1174,10575
814,10464
119,17487
1444,9482
619,5155
1508,3065
1539,9565
405,5388
1925,2390
90,6267
1649,5439
1640,12850
51,4150
1128,17797
37,6100
663,8898
1056,2162
297,3549
970,9792
437,11638
1680,14886
681,10552
1980,8009
58,1419
1112,4843
695,4653
1589,6549
1305,13020
1018,6236
907,10481
1205,3615
570,2576
1094,13227
113,11825
1925,10754
1121,14038
1884,3807
1096,7934
1749,5708
778,16322
287,2109
1625,15554
549,3180
376,11576
1605,15415
988,9803
1293,13701
112,15446
1070,6068
615,8801
1257,8104
989,4686
1504,11209
868,13542
1418,4340
657,15962
1007,944
1917,12069
1943,4736
1614,12714
936,15007
1237,8670
1972,14326
99,9569
787,17243
50,2093
453,7863
417,1859
1740,4894
1070,17799
591,5611
1091,11989
576,4550
1599,4976
1623,13137
30,13391
287,11925
1497,13948
529,9022
28,15629
228,12681
75,8010
178,10110
1008,13913
555,9091
1501,4144
1997,14252
1142,1309
1734,8712
1365,5356
945,5354
131,2695
1584,6742
350,3414
1732,10847
1788,16143
903,8484
1840,9199
1793,7081
498,5423
686,1600
1367,11111
55,4400
216,16185
503,10152
706,5760
942,6646
257,11063
1925,12837
271,10475
1721,15193
431,11328
1810,10243
987,16783
1759,3636
944,1880
123,8519
656,15511
483,3618
1245,5270
1122,3879
1798,9582
52,12704
511,14868
1905,12830
784,14798
814,10384
1393,7357
1882,6156
1493,15935
442,14461
340,16316
791,7380
1910,10020
439,17550
1304,9664
1357,3306
1729,14851
934,11570
663,16751
1880,5822
1016,3275
508,12692
718,10733
1518,14208
1059,2658
1903,11532
1445,10059
1846,3315
1248,14233
657,14159
1280,7388
1976,15016
1796,240
1308,4716
693,2701
1200,17844
1259,2948
116,9044
1901,11361
480,569
1311,12197
632,9671
147,9065
1911,2577
458,1383
1367,5837
1723,9346
1489,732
1072,2228
1170,2711
1680,16302
357,14992
154,6163
1309,16052
136,6793
1022,16480
1754,16667
1937,5547
1527,11517
1370,2729
798,1390
1926,11865
1530,6736
536,11156
745,15746
98,11382
1789,11392
1462,2538
250,14148
1020,9577
1608,9984
1875,17430
1403,17801
1763,8922
1204,14431
1217,16320
1481,9798
1781,13109
1548,9106
985,12652
1880,12012
260,16752
1116,11081
1923,2621
1606,15963
1034,389
676,1787
68,14311
1713,12591
1465,6605
1326,11345
1785,17742
878,2422
961,2982
961,613
1471,8998
355,7658
1192,14433
1346,5628
1264,12199
941,11070
814,2764
1804,15057
1770,1686
992,16135
1361,9144
1296,15051
1719,9212
120,3190
418,6390
1756,15886
1207,17237
443,2116
729,15332
776,11831
623,1929
1485,1684
706,1143
530,3414
1148,16512
1603,10202
1963,5751
1393,4847
1223,11338
715,15647
1438,2777
400,15518
534,11453
1803,2514
1474,16817
332,5001
1111,4367
407,17535
605,10301
1537,7830
806,9653
58,10786
1652,4571
1097,14058
1283,1571
1751,6138
599,16468
1283,16839
1130,16914
1146,16175
1386,15655
1795,14422
1770,4221
1335,8543
82,9189
642,7442
971,7189
316,12706
482,11757
909,7710
886,4180
742,651
1604,17478
1984,607
1289,16761
1079,13404
794,7290
1419,2292
104,8766
514,8879
489,2264
295,17218
850,5471
163,11448
557,62
675,6199
1725,2580
544,17843
1946,15583
1940,15405
856,16022
9,406
1668,6869
807,7689
752,13011
1882,2936
1915,9387
1252,14364
314,10732
922,3891
1490,9031
1582,14332
1422,1712
1074,11548
987,15722
123,6109
1885,14824
1232,9764
1522,5287
298,7700
1493,13574
1525,17074
156,5534
488,13570
1095,10876
1780,4031
281,6339
1079,7769
501,13647
1975,14332
1737,7319
1602,14229
1327,7130
867,3823
1889,2408
917,7631
1131,16174
1711,1809
976,17582
343,10127
1369,1036
523,486
58,5195
388,16824
181,3033
1553,12001
1761,1690
695,720
608,16640
921,2020
1449,17172
1441,16297
1557,16465
1378,11209
1231,6658
1898,8998
426,6854
1404,9655
697,5700
845,11464
1780,8795
1525,6449
758,6469
651,16689
618,16791
1332,11551
1354,781
275,3826
1632,6108
766,11112
1623,9299
473,17133
212,988
933,5518
852,12158
1089,7726
958,13424
1031,16098
1802,8405
908,16154
661,2828
1768,9014
1886,637
1434,14343
244,6565
158,1788
509,6647
1481,14377
1270,11274
1131,319
1823,4033
971,7664
1311,3332
1511,10773
1043,11620
603,5136
1800,10421
687,5024
1739,6707
153,6357
528,441
805,12806
1504,12105
250,4897
1108,14511
1099,4274
1525,12724
295,15240
464,1635
787,7686
1519,17547
513,8681
843,3753
1058,15793
880,10039
1601,1934
510,125
138,3280
1528,15948
1240,9010
1577,14199
172,10098
517,5823
163,6352
963,17059
470,8296
659,7980
498,12209
479,12853
1186,4872
889,10878
381,16957
1596,3068
1322,5708
1008,16602
64,6475
723,10863
1027,5960
1476,12298
1446,3077
135,6384
1275,3285
442,2333
426,13092
1583,7981
749,17121
1505,8697
1504,4876
1461,7974
1175,2156
1888,7757
1947,4085
1257,655
1993,13044
1104,929
927,178
1613,571
968,12230
1750,4587
1842,3291
41,16683
1195,11917
478,8342
1565,2834
375,14206
113,14338
1378,3260
1620,8179
369,4591
557,17597
1392,12276
296,13451
1557,5117
1356,11916
326,14768
428,1157
1323,6884
1442,4750
532,3591
1006,5259
1203,2665
1931,10210
638,8347
1248,12767
158,17633
1399,651
1028,11867
605,3939
24,9515
1481,10492
1149,5503
402,8966
404,3552
927,5081
54,3696
916,9866
844,12368
826,920
1406,768
283,9176
1559,10461
830,6958
887,6456
781,10087
101,10919
1232,8882
686,16195
1179,422
543,213
944,8150
1706,14939
1544,11132
543,14535
1510,6794
1279,3464
820,7433
416,956
660,2276
622,13183
843,743
844,1863
1608,8017
1071,5986
40,10201
1669,13436
1992,1265
1342,1488
1739,15418
99,12449
14,17156
1759,1278
438,15976
1514,1390
1487,11636
545,16029
624,7879
1824,2016
1616,5425
909,8261
442,8046
1411,2528
89,13134
1780,3395
361,15898
1608,5363
903,9799
705,8306
284,2484
750,14363
470,9350
1093,14405
1621,15748
750,1054
347,7995
501,7894
601,437
1588,13216
819,15634
676,5785
625,769
838,8015
1497,10784
362,7447
794,544
76,10669
557,14150
994,10234
284,1751
963,2382
1850,16791
1715,718
400,3804
859,17025
1242,15178
235,4477
1243,8354
484,17463
184,13229
1210,17703
550,4419
763,4699
1993,8690
949,10002
1162,11747
10,3463
9,9723
1810,7073
723,1798
905,1660
653,7881
1801,1117
1048,4317
1236,2453
151,10518
478,17184
1558,10632
1264,15524
1031,10146
790,15574
417,8761
1145,15849
1381,4137
630,13319
1769,674
379,3579
518,17602
709,13120
1965,13046
394,13617
1183,14114
1467,2731
1439,11836
55,8915
1506,4079
46,14993
1956,7406
696,10024
917,6984
1223,10313
438,2703
1430,8481
1313,15527
901,9129
390,3405
1505,4969
512,10093
483,14756
1718,7600
159,9719
500,1244
747,3684
1938,13031
199,12507
433,10690
847,17398
1956,3762
311,14253
1929,198
276,11450
200,15350
853,1892
1711,9518
1917,13195
863,9494
382,3638
756,15284
1650,13000
1570,16268
689,10147
1963,16173
141,7982
1428,15812
593,5703
573,16309
964,14790
1657,16110
1014,719
194,6095
1656,4691
807,9796
1890,7425
1882,6671
1001,13932
122,11548
219,7322
1789,1028
1346,12699
1494,12011
158,9399
1985,2080
1600,15980
1891,16635
88,6652
1225,4817
1376,1960
1094,9254
1586,15959
175,4419
1420,12666
1771,1697
326,2234
271,17239
247,4316
1963,5275
1410,11360
23,15703
1092,15247
1280,14939
74,9509
5,8803
834,12806
113,3860
1463,17009
358,16439
44,13641
831,11299
1877,1874
975,17566
1000,2484
1760,12870
567,13893
755,14988
1272,10220
967,9507
1140,8489
1878,5996
870,3723
1437,10745
879,400
797,7757
1677,14837
1295,3946
1407,6449
27,3061
360,15425
555,192
1472,111
459,10784
443,9006
997,16593
1935,8405
1925,10697
1919,1285
327,11823
179,13625
1477,4198
733,13587
1593,2436
1949,1487
1089,5069
819,10279
152,13240
1734,17042
1866,9982
1057,8302
560,1844
531,17588
1214,697
825,4873
1717,16294
1088,6977
655,1161
760,10586
1619,2109
1501,1829
1446,4369
851,2023
282,11492
855,11439
1772,429
1202,5058
1947,10554
513,15458
612,2678
1416,8659
1094,14735
1968,12
766,12305
1293,2463
967,9076
377,7643
1004,6229
723,3532
1387,7219
1550,9166
1757,3556
141,7154
1891,9783
1331,5098
20,2210
1628,7819
802,11296
717,10832
713,2842
1819,13239
1467,12806
1705,13721
466,13375
1040,9089
1157,10592
1850,2773
734,8492
507,6251
1501,16901
1984,251
1947,8288
872,6320
1694,12483
1006,3487
150,1098
1953,11041
315,14277
853,8048
571,10948
419,9469
1393,6592
155,10490
1845,2274
890,4148
305,13095
806,6948
1915,8191
1203,7791
1168,17422
713,10721
179,15016
634,10715
209,17841
754,4625
1740,12563
1454,432
767,11844
651,12526
912,4436
629,5093
756,2241
1426,9622
1957,5561
269,914
538,9551
581,531
1357,10101
1368,13684
225,1778
272,4767
683,9880
71,9078
564,7151
912,14965
1583,2475
1157,5080
1236,10089
517,5636
1921,14482
929,12233
895,13207
1483,9921
857,6096
99,11964
1480,13580
886,3918
1589,15447
342,3748
540,12685
409,259
929,16696
1231,15414
1023,12742
1643,8027
66,3663
281,17476
385,17821
1371,15592
752,14421
1702,10445
1449,15718
271,2064
1033,17492
1027,8315
112,17206
1244,11669
1242,13135
139,14308
1985,2734
1217,17518
474,5635
1618,6740
1134,15620
421,33
942,2883
1144,1080
554,12854
253,445
1086,6386
945,17479
1690,1029
1418,14851
1822,16070
1504,4777
1298,16460
839,1751
194,13317
129,14267
771,6027
643,5877
1684,9258
1875,8561
1140,16534
23,3402
355,7854
1008,3717
180,14836
1579,8495
718,17127
1270,2581
798,17851
1417,8959
347,6779
1506,6628
1163,12571
159,4042
1008,10685
410,8070
1985,7025
1535,12098
1214,10638
1800,7897
1466,5844
1364,11779
1256,15452
1264,9619
640,9645
857,11289
1096,6295
718,14293
170,16856
217,16121
664,9199
517,14581
1768,1733
1896,14484
1009,1121
1982,7602
448,16123
93,14914
1159,5743
1273,12470
1455,14923
1593,9891
25,13407
1787,3085
1637,1517
360,14041
1090,9542
123,1034
628,206
222,7965
635,12598
258,8334
1337,13822
188,5449
777,17020
1204,11047
1213,5675
280,11192
1077,11194
594,15359
720,16837
1543,10042
1703,16905
141,12289
1173,12017
1592,15835
1864,15957
445,16808
1452,3829
1416,278
1533,2455
1919,10333
303,16811
1282,14029
1368,3899
1981,3380
946,15921
816,3241
1243,1665
1225,15732
1404,11828
293,13329
969,17173
1771,16129
829,2111
1142,2047
1273,9478
1424,15122
515,13582
829,4939
13,17899
858,5536
1562,12009
77,3873
1277,5450
1361,4951
846,6949
78,9142
482,4050
684,12548
462,5761
1321,10807
1303,5477
1782,6248
163,9514
1533,13470
5,1177
143,4151
1775,3936
275,13156
1667,4667
311,8609
1127,14298
1672,5119
1509,2325
3,15299
292,11545
874,15429
1614,292
825,13593
1556,17117
605,5265
1316,6317
6,16119
1756,5044
1316,9766
793,6792
1991,12654
988,2063
1746,8344
1727,13093
119,17541
896,9891
1525,6572
1254,9194
154,14467
1475,16544
1187,1511
1103,16511
842,8973
1762,10505
1020,1357
335,14067
367,4770
671,17287
1423,12295
287,8073
973,16893
1914,16663
1739,972
460,6226
363,280
254,17721
58,12566
352,7639
778,4280
1751,13478
25,2404
69,110
597,5065
1064,7496
398,16395
1112,8748
830,4437
865,3591
1150,5165
371,13432
204,6980
1172,6138
1290,12429
1386,3882
943,1430
616,5533
1044,9608
1033,14826
694,17830
632,4320
897,12854
924,3663
880,4378
530,5599
653,8368
1332,8176
914,11317
1136,13323
1338,761
1782,10503
1678,16128
314,16944
1414,15252
1923,3398
507,16183
370,16793
1653,16379
35,2703
412,12941
924,15232
231,11493
136,16664
302,9576
1543,6947
1655,9913
1514,16351
517,15921
1137,6072
1978,7998
1201,15948
459,9754
1179,10504
1193,7053
1647,1062
826,4377
1170,12071
645,12743
1669,6940
292,17811
1859,14986
183,4241
1032,3460
163,13131
612,10661
294,14653
498,10226
1971,4468
1798,3018
1525,3732
177,8671
725,15208
654,15644
1507,17768
863,6549
1083,6180
982,3069
1483,9060
170,9900
744,13394
1356,16558
1962,6139
264,13859
1188,16143
1059,3902
1021,15637
247,3121
1326,15258
1526,17187
798,9271
89,14947
1908,486
1203,2644
283,12972
365,13613
951,3052
49,4600
1291,5202
1808,13989
1034,10809
1708,8971
1090,16359
1140,11890
115,10745
387,9479
1290,10107
1629,7225
1525,15306
1246,6579
1390,11972
1637,3948
80,13976
443,1628
1827,1772
171,20
649,9083
1465,14119
856,14717
134,7408
725,2164
416,6270
1157,10218
1703,285
1581,2382
931,8785
1624,397
965,7319
1442,8832
1951,6538
785,2984
1027,13700
63,4436
1704,14735
1072,260
519,4975
400,376
737,13616
1178,722
1773,11395
220,14936
717,1656
323,11843
1216,14990
779,4758
1890,7665
607,6393
67,526
1726,12701
1757,4053
1297,12504
1609,16198
1434,7544
986,3095
1648,10199
531,17308
799,16956
151,419
1347,15087
1737,3386
1555,13555
1238,17077
1058,9826
552,1558
1014,4349
1884,16395
1471,1329
1536,10664
1163,3633
1545,8641
938,17085
1145,4209
89,6826
829,8189
672,7734
906,16706
213,14230
1666,557
574,8396
1629,7718
1703,14310
90,8322
400,8038
99,2192
1999,12824
333,3326
944,2141
1424,4911
603,6481
1301,4527
1544,4003
973,5983
1271,17231
1444,16717
136,15575
460,16086
637,15200
1584,13554
1171,13071
54,8581
414,14091
21,17159
1646,11619
1847,12762
633,1973
414,8688
880,11349
768,2119
370,810
872,17609
1028,1235
71,14995
41,8401
374,9847
862,11792
1685,3584
974,4428
779,12189
542,16114
1508,10619
1865,10110
14,17318
1095,8222
1581,9814
190,3009
6,14708
883,13559
132,15180
1347,15892
762,44
59,7508
478,12464
987,12961
327,5898
1579,10295
1593,9272
1684,11518
290,1642
914,5975
1341,16917
698,2790
1107,8990
1162,16354
41,12928
934,17624
625,13738
477,14926
630,3805
507,2219
1301,9969
872,7980
815,5595
1962,2315
25,14294
517,11673
1684,17266
135,7883
1314,11560
1936,4101
714,2372
1445,63
350,15259
1250,7990
1392,9632
530,1885
1991,4102
1999,8734
637,690
566,14738
1719,10096
84,12347
775,17602
1559,7982
730,5603
228,8016
1461,13345
732,16319
1504,15607
552,12693
1015,10469
812,12505
626,1145
121,14402
270,14699
1790,11811
1608,11353
604,9959
678,14953
821,17676
1687,8054
1353,9744
191,12468
1264,2569
1453,7101
1912,17916
1669,15475
990,5765
1714,4879
1280,13982
455,7632
709,461
1283,17274
83,4452
1732,7412
1233,11567
381,8215
97,5963
1800,925
1989,12952
908,10277
1287,13374
1665,945
946,1729
1908,3440
65,2864
1266,17024
1470,10577
341,13000
1005,8666
74,9331
1910,9141
1412,1272
2000,15299
1713,13141
1716,4760
604,16671
551,3806
858,13658
649,7627
1489,14622
36,6126
525,6833
1254,7220
1834,1968
1192,16430
1905,8330
1085,13535
189,8539
1399,16972
592,4895
1134,4320
106,15134
1711,16154
718,3152
1184,10981
194,13569
182,5759
1621,981
1729,1509
727,16330
825,15482
883,999
969,10354
983,4812
1814,749
1740,14113
603,5197
1785,2232
1286,1827
1774,11555
436,13086
871,10624
61,2722
1172,4138
320,14591
308,926
487,6820
873,6485
1259,8300
136,2180
1104,5338
41,665
1755,3878
323,9133
1395,10283
531,7917
596,7925
1836,14978
1771,16315
1198,11770
1257,5169
213,2752
566,6892
1255,13759
936,161
1401,7735
568,624
563,14439
702,13427
793,15673
381,15898
919,16686
915,2708
946,2609
1340,6257
1188,15884
760,3628
1929,3289
414,16219
1576,11741
1378,15085
160,5162
837,9738
1074,3675
1843,11749
406,5993
1260,6237
277,9747
757,17202
1436,1353
1401,12446
197,4223
139,17247
1761,640
1734,1408
1067,8869
1675,5081
860,5965
61,4962
1494,6864
1043,1830
357,9565
124,3143
177,7016
289,6446
1661,7000
1659,17151
1120,1226
701,5045
1986,7028
1285,5094
113,7655
993,4295
986,2557
446,14463
970,15865
1550,17679
927,5176
1855,11037
1033,1944
1366,11398
1842,17904
931,15294
249,2939
1280,1118
472,14742
1946,4690
1586,6514
36,501
200,7520
139,16367
351,8934
1696,16239
186,9985
1213,14363
1849,11293
1152,6716
1633,7670
1847,11240
1998,12751
1326,2143
593,14508
763,3428
834,15123
624,3166
96,9365
857,11584
1208,11383
655,12428
510,2611
1854,13353
616,12270
1592,14427
600,14512
1451,11231
1169,6494
677,10037
725,4885
10,9123
402,9749
709,11535
1873,4176
801,662
1881,5673
193,5950
971,10136
1691,10867
347,16107
1200,5695
1255,7889
111,923
1586,6687
555,2643
653,6698
313,16344
1553,3497
1425,2654
1535,15270
1687,17719
39,15553
1063,12242
1120,6379
575,16916
1895,9624
1023,1761
461,16267
447,1606
1341,4457
1526,15733
1054,17048
1047,14792
1236,1314
1834,7133
1867,152
1330,3373
1390,11489
1382,4660
1979,10127
643,10672
1301,4174
928,15908
610,602
963,16570
1011,14307
1810,7113
1783,628
534,9005
308,13964
1734,15175
1496,5727
1860,14317
213,16057
737,12559
52,1313
795,15371
1856,7526
1708,10601
250,10084
625,4579
1552,12067
1251,9584
1468,13495
1072,3123
417,4046
1172,2220
862,14594
258,10692
622,11710
1831,12856
976,8130
1972,9139
1289,11272
1148,8608
342,611
1564,13125
912,17357
1087,9288
980,9132
506,11739
163,12057
214,8342
1568,17683
393,6498
1843,6230
304,11433
370,12524
914,4468
727,5082
212,12060
248,4
480,4145
925,6889
1797,10386
1264,6210
289,9017
1985,3024
1687,10553
178,5103
1889,3237
716,2908
1067,15373
811,13574
1847,13553
1956,5225
929,5755
1580,1151
375,10338
1900,3499
223,5830
1310,14043
788,11618
858,17606
1520,3555
1564,9498
768,17525
1914,5659
1378,11104
196,12366
164,17323
713,6301
1940,9696
730,16940
169,941
497,14746
1007,2079
1172,13002
1952,16627
493,9285
1654,4402
1455,4321
1562,16917
1363,7101
1143,2858
1146,16760
22,13030
534,12694
789,6151
1932,3212
870,6857
1040,2997
327,17588
1897,15223
1571,4500
1516,16195
1216,13793
1627,1851
1208,11501
1943,9613
104,6168
1067,10022
311,5172
1669,705
1682,16513
252,2526
1506,13356
787,9963
1040,2835
1342,11847
1505,13799
826,3183
1258,11017
655,3007
1575,15236
217,826
667,15536
208,14374
1795,10993
1051,2259
461,8558
1752,10229
591,2546
1321,11479
1155,10069
817,3154
959,4020
987,17521
1634,7925
677,16478
865,14801
1303,5134
986,16776
632,13415
415,16372
329,7558
359,12831
180,9966
670,15881
1111,14905
185,13298
638,13510
1018,14379
1842,2614
1392,4186
1117,3565
1423,1446
1204,8831
1679,13596
1850,5032
1115,10767
10,15532
469,2401
421,8669
195,14916
456,17828
154,12922
1936,7641
640,4923
113,9538
1072,13287
1523,16054
838,11222
1020,13912
1724,15519
294,16739
485,7641
686,6232
419,14860
35,14264
884,1197
273,3102
1811,17740
1836,13583
1466,14479
1587,11464
205,14872
944,170
1329,2090
1268,924
148,5560
734,13940
543,13005
1518,15346
972,6198
1210,4459
1854,4140
866,3666
1778,14830
1564,15887
1924,7856
511,8848
314,17577
461,5268
1696,8110
1288,16459
22,12638
811,5687
1482,11299
253,4230
688,2329
681,6630
1379,7233
982,16127
382,12379
964,14548
924,2091
561,17200
657,15841
580,9000
350,17585
713,5782
1480,12738
602,17637
302,14976
1025,9735
1758,17021
1622,14575
1109,4270
950,2847
502,10617
329,11349
1856,17365
552,6676
744,16912
846,4770
292,17527
735,13289
2,10045
634,17379
729,6271
720,13677
1730,8021
1258,16137
1011,3550
560,11390
1011,12080
1702,2004
1720,9245
184,3656
476,6006
296,17802
1253,4422
1818,4847
471,8774
1976,11504
1901,13478
830,10758
1904,2702
1210,13113
1665,11728
1493,2116
43,15929
863,10272
400,16709
1920,2254
875,10533
984,16588
50,3735
784,13026
1624,8582
853,2178
474,2956
865,15313
171,2672
231,15437
955,2425
451,10199
35,12477
167,16713
590,283
656,17645
739,11693
1380,10149
441,2422
595,627
1964,9355
939,14862
1626,848
280,4834
1667,9656
1468,5498
1682,8975
20,10711
1995,5428
1780,111
1029,17697
188,12929
419,16712
1388,7200
1985,11546
1088,2293
884,6092
1877,3898
1712,11975
520,11664
1842,6517
300,10769
539,1663
1917,2031
366,5467
998,1931
1503,4606
726,11056
1872,10683
639,13562
562,6856
228,4817
1093,2115
649,14184
746,2006
1383,17401
158,6603
1123,3320
506,12820
1598,17174
1234,1029
805,13027
426,12058
1875,810
422,5341
603,12030
980,7560
8,6404
89,13498
1369,5966
1733,3716
300,9079
1095,5745
711,6954
323,10263
951,828
1038,7572
1493,8271
900,15310
667,7746
1040,16159
950,1009
1726,863
1895,7477
633,266
1260,6176
136,287
1338,13721
908,15130
425,16082
681,13892
637,4933
1938,17544
1924,6386
1141,12433
643,17720
943,13992
169,6237
1591,4838
1811,14842
1788,9368
131,12513
1689,9717
1636,14534
520,6387
1149,3270
498,9645
1258,4021
679,6052
784,6078
464,218
1626,11134
1564,5468
1171,4235
1533,10104
1796,4746
1995,16996
117,5800
282,16984
1238,17182
913,15963
1378,288
1357,8990
154,12275
639,9039
620,10037
96,15348
1019,14765
1743,17521
798,2643
1335,13406
963,3005
1583,11305
861,16538
869,10145
1896,4628
48,15695
621,13772
173,16646
520,15146
1475,1978
735,12298
1851,17915
925,12228
1916,4902
1151,8316
560,3702
1831,4070
1801,7864
1565,4273
96,12158
1793,15754
1820,12508
1897,7988
1365,2603
1169,8033
1107,14208
1201,14616
715,1649
1507,4934
1961,6867
801,10587
1126,16657
1590,4440
304,14125
1560,725
433,16963
844,17747
1535,781
755,525
996,3809
440,17912
1748,15988
1775,7045
1677,15261
103,17359
820,4443
924,12224
240,16276
1963,12315
590,9889
1468,10522
1834,10744
1964,14529
1497,10220
373,2992
877,8032
1118,794
907,4348
308,10412
178,9760
1342,4540
1611,16037
201,6134
157,16550
884,10944
250,6450
502,9083
955,7883
832,2375
1910,14228
1609,5440
756,13477
162,15873
1982,6411
1110,6726
1170,13372
954,12796
1551,12769
1208,10790
1831,6673
466,3147
1819,11399
230,14242
707,11184
999,5315
1229,9453
346,300
1359,14388
1128,9810
596,10226
198,16914
1810,9277
232,5123
143,9436
538,480
1263,1755
599,13326
1550,8697
242,8017
485,13116
1908,14782
1375,4301
1320,9431
1329,15085
564,1930
704,2677
506,11419
1362,11858
1181,1772
1561,732
464,6289
1351,15563
1758,7264
1701,12247
1683,16886
47,3396
144,14136
1751,12399
281,14753
901,3802
1772,3684
362,13854
459,5163
1455,7453
1311,860
1031,13213
918,16368
1945,6101
104,12995
165,14034
805,300
1141,10821
1005,10076
1780,15888
1570,5600
1947,15798
1455,10191
779,8170
1120,8850
85,16570
1488,6704
62,11750
1666,122
420,5336
890,13315
373,13687
1734,5903
1829,9832
1989,16948
1446,15055
223,13848
81,13729
812,16254
887,8810
1692,1722
672,759
421,3968
1070,8961
394,11125
1767,16226
1818,4180
803,1080
698,9708
1975,13701
1904,9
298,9803
248,8140
162,10435
547,5689
598,2934
1634,12247
1513,15902
68,7224
1690,2246
373,14540
1559,929
1462,4470
1371,15376
7,3467
1650,649
1418,567
1941,6351
1054,9476
728,6458
1294,13910
1263,15147
677,1052
638,1632
1168,15057
671,9010
1587,7237
778,10756
1220,12488
755,9594
682,13536
461,12959
522,17682
804,5540
98,14921
1900,15995
1896,14933
66,1122
1367,13448
1862,1794
1230,6108
1341,3387
1828,15983
417,3399
1332,3223
957,15670
1118,9934
631,17843
427,15112
231,8717
1552,14049
1602,9613
1249,11164
301,11700
102,4290
1759,12641
800,4243
256,7477
1812,5028
1462,11972
499,6936
1619,16494
402,11290
1569,13658
855,4477
649,14289
1340,15383
1793,14732
1391,12555
823,3698
1204,17767
575,15086
1613,10708
1535,497
448,17576
1134,2233
1287,9771
991,2421
1522,8675
914,4189
1809,4031
1129,6510
1287,5786
895,4399
574,12742
1215,1915
1825,14754
683,947
1225,6553
197,15835
908,15657
1646,4662
1266,3716
153,16393
661,7815
608,11482
943,7603
100,17880
1607,4876
154,2205
1232,9720
319,7093
881,7126
537,3870
985,2290
953,12337
891,6706
21,6877
1599,10615
811,10330
1138,16554
169,1588
1818,15231
1198,3179
1759,5713
1264,2873
912,11073
147,17851
91,1890
1696,9559
1154,10203
863,75
1756,10206
1363,4722
611,9758
665,10762
1428,10650
1612,9239
177,14990
981,12461
1248,880
1529,17177
138,17026
353,12974
1306,11874
116,113
330,14535
1685,3343
59,2525
1860,3213
522,8617
718,14958
1451,6411
20,4009
1713,1041
249,17024
1380,2995
212,7071
1182,12627
1620,6610
1303,7234
1440,6750
762,13678
318,14356
1018,16772
686,10149
35,6955
231,12123
1204,16346
1291,15295
810,9677
1308,9509
1184,4386
641,17154
246,12678
276,10094
1494,2334
304,4306
298,951
1840,13299
674,16630
530,8650
1961,17427
1041,17569
1265,12686
1003,5754
1778,8036
1080,12110
1746,986
504,16809
1708,6039
812,3781
1295,13191
1746,2166
452,15514
1244,4738
1017,9415
598,577
1994,2580
1025,10500
97,1153
595,13609
1014,405
811,9106
114,6562
839,17099
1337,1500
1102,9483
337,8643
685,2451
1367,24
1585,13801
538,1341
100,4141
891,8231
208,17376
731,12687
601,12744
1639,10174
1658,13430
335,15356
889,1875
1894,4418
589,13833
1790,10149
1142,2517
783,2028
1079,9710
1054,13022
1948,1314
1024,3636
531,9490
6,3945
1943,12138
985,14748
1009,1001
1151,12991
460,5902
601,6732
293,6998
1613,15376
538,13874
1275,9650
649,4742
1498,10909
1267,1455
661,9551
664,5574
2000,8369
72,12308
545,253
1348,5253
1931,14373
1087,13354
1299,2299
653,14606
312,12043
1390,12234
677,14666
451,3720
127,2271
438,7474
573,6341
548,17192
1073,745
493,16918
985,2071
1146,12773
163,3980
1350,12464
776,9666
634,4432
1564,8651
127,45
1452,12421
1320,8706
1040,13873
1753,13240
1490,14646
454,9788
1049,14026
180,2155
1032,997
1404,3241
1198,5667
293,7784
615,958
84,4323
646,16
149,7030
416,10033
1006,11461
577,14508
490,17570
45,15635
946,15960
1812,9840
842,15719
531,6498
766,15344
585,14858
1212,555
73,5201
1877,16073
332,686
814,14002
1001,9503
304,16886
457,14299
385,1513
1836,12263
1165,4633
835,12499
601,4549
896,10240
1023,15541
115,11799
1158,4835
63,12912
349,5148
1267,8531
721,15972
1314,16444
1972,8176
215,292
962,12590
1181,8836
1882,235
215,10421
1022,14630
609,6250
1729,7980
107,14810
556,14036
1845,5567
1583,11294
375,908
370,155
838,12319
961,14920
1435,17288
1140,13185
408,7430
399,14237
1760,10940
398,2975
697,7878
1297,10506
1198,11422
1523,14243
686,10934
309,280
1970,197
100,93
1217,14941
654,1029
1504,2200
1238,4031
1857,6569
1098,6565
1474,10668
850,14044
845,5360
945,16871
1770,13779
1901,868
1844,2986
225,2650
1816,16850
1589,13581
972,15676
614,17262
1104,5446
779,3623
1809,2098
214,12888
1972,11335
275,2913
1553,3417
822,3846
1906,6292
640,17250
571,3807
572,4486
987,15605
761,2070
1215,6925
351,14536
1359,15378
1323,4384
1597,5345
291,1478
610,8455
9,9161
192,10322
1502,14237
1057,15224
1699,5604
101,10681
958,7545
603,8545
64,9258
1906,1600
1270,8951
985,12376
957,15400
1941,5205
1298,1708
1311,637
1065,13484
295,11181
284,2631
1370,7406
1918,11011
979,7932
818,5284
558,14480
432,15874
1216,3014
907,4339
1015,2174
1523,4573
682,3087
1634,13752
444,7752
1076,65
304,8849
1069,5743
1873,9604
922,9232
1706,6628
1637,14751
1703,8852
978,13086
413,9270
1631,7922
867,15046
1483,5124
1774,6932
325,17753
1501,7359
1541,15299
699,11349
886,2144
561,3130
667,5889
1617,3962
1589,2668
1898,10899
1744,1565
1642,13597
1707,14514
1063,15753
1919,4959
618,9092
1893,17430
1291,2679
5,1394
1723,7198
1826,4886
755,11582
21,6887
1435,16650
121,108
1209,11897
1582,12569
1053,14667
434,10250
857,9805
1488,15741
725,11996
75,3320
336,1848
1455,1209
5,12664
65,7646
1255,3149
138,13698
1535,12359
944,1406
584,11559
135,16745
666,14285
450,11905
208,5404
867,3038
37,8806
974,9317
1641,5083
282,1005
1351,4830
712,8478
341,14655
998,71
1482,6754
381,4821
1399,15726
97,4626
1935,11591
1066,6685
1311,2385
412,17669
77,14354
1261,16747
875,12310
1123,4381
56,7413
346,17321
532,3494
1966,12846
307,8774
1751,13304
490,8429
1285,14838
1732,13542
660,8369
373,10050
604,992
1177,15802
991,5415
1968,2940
302,4529
266,3712
1638,16773
1063,4920
1304,7427
1471,16470
440,2017
1809,16417
909,12042
1623,9763
1792,6475
1176,10793
1091,3294
48,9682
841,16184
377,8090
1337,10224
1096,12500
1770,5308
1918,13368
1463,15769
74,17351
1135,10521
1468,15429
1985,4251
637,2374
1528,9285
1419,9220
1635,12311
891,1385
444,17734
1500,12459
704,7025
497,12162
61,17042
995,4476
33,13103
768,2970
1680,928
197,14349
1631,15064
857,14302
1055,9401
939,2173
464,7909
709,3001
962,11102
1681,17407
683,15768
1701,6473
958,2008
890,1489
1955,9539
73,16081
229,5051
1295,5652
312,6896
34,9362
609,14337
1361,10151
928,17176
70,10742
1335,10128
314,3121
491,13934
101,15969
222,16725
1584,17130
350,2807
1317,8013
172,4417
1627,2600
458,16149
105,7066
94,515
1252,16991
887,3144
793,5297
1975,1297
470,6339
862,11701
609,15855
1492,11987
1701,10525
1803,9193
1500,2004
631,15084
1848,10708
1366,5471
1369,5492
1502,4543
507,7172
934,14159
1790,11081
1673,3496
669,541
452,8547
190,5464
345,12048
543,14316
1402,16387
1662,14688
1218,2881
680,15458
93,15437
1529,7399
1884,6538
1155,7963
472,12965
115,16545
89,1028
54,15951
41,10628
1583,9484
455,9857
1232,13484
1800,8900
439,9735
487,199
397,2389
1286,4658
888,2018
1564,15510
1886,13766
1407,1957
221,6277
686,6531
1235,607
928,14587
1417,7869
1266,1059
1788,4982
433,13672
1310,8078
174,5268
628,12095
1230,8494
1752,13765
294,2999
1193,9946
679,8318
1530,8254
1112,5863
1707,3529
339,13540
174,2116
1296,13208
677,901
417,10543
1384,3763
825,17754
1853,6212
604,9047
293,12231
1661,3395
1912,6780
1292,11876
594,4596
1094,12710
1601,10178
119,9796
780,2729
1757,14282
1529,8368
689,1050
1742,15305
1782,15735
1734,4116
398,9819
263,5248
1087,2997
1177,4816
896,15716
960,11886
1577,1763
1894,12796
1011,16267
322,9764
470,4788
1337,4646
1913,10569
104,1404
1654,9221
1967,5944
796,15693
984,16502
779,13129
1887,2396
631,17375
1585,10618
1231,11394
988,14066
1270,11281
276,17842
192,16262
745,14181
1186,7480
501,2392
1776,16208
571,13710
1783,14146
907,4826
111,1429
1163,13001
1558,8332
1996,5598
1106,17478
1088,2200
504,5746
43,7696
953,5711
868,9282
1998,12705
680,17048
269,2772
599,16840
123,767
245,8608
1091,14557
677,16223
1620,9344
1837,10187
1591,6
1589,15621
8,17402
962,15162
126,15298
1069,5651
1182,5243
455,13082
1936,16180
224,3456
448,3888
1235,15518
1657,2472
609,16676
138,17800
1269,11075
1302,6068
1901,3724
221,6251
896,17037
1678,6792
757,11678
1037,17650
1894,782
202,15102
148,7700
936,13556
526,11547
63,1409
1173,8409
1208,7001
25,6553
1149,11221
743,4884
1524,13703
1125,16009
387,11549
918,1240
6,9586
336,4178
1071,15042
264,12247
1630,3576
1150,58
1215,9445
1333,3889
748,8377
333,1715
1719,10806
1192,13571
151,15829
1193,862
79,15539
1463,4242
1421,5863
542,3332
1002,17532
1870,16766
1957,4131
824,15711
590,15183
1663,13025
257,6174
476,10330
739,5564
190,3862
1879,1501
1787,10122
1382,15202
1627,761
858,17892
793,11049
823,1617
614,17230
1941,6330
553,1628
1064,5416
1559,16602
1816,15500
208,1044
603,11581
330,9928
65,7978
234,11951
1103,8379
795,4699
1582,5036
1709,8464
1697,14465
1548,11786
46,16462
841,10193
1298,10272
719,8346
53,15921
1849,5404
196,11216
1370,2001
789,13157
532,5522
266,17586
446,4956
1877,14015
1824,3356
1419,298
1691,5835
323,9437
59,17544
609,10462
1456,382
981,3619
1361,964
335,8112
1145,12871
1069,1594
670,1747
255,14847
1026,7487
1865,8179
194,5049
1409,2422
1187,11090
202,17064
20,15887
1574,17398
304,7128
1680,14604
214,14529
608,17042
369,14666
214,15984
847,13466
1738,309
1564,1737
345,12146
1885,2983
1431,16777
736,1781
1110,11619
742,3403
1646,8083
906,164
1062,2968
136,6595
688,10340
939,17579
1239,8051
342,7131
474,12488
1119,13296
1790,2673
327,15418
1040,7724
1726,3440
1183,15074
868,5063
278,1621
339,4277
872,16370
318,266
152,216
187,5235
1543,921
557,12507
676,3440
1176,14468
900,7407
1398,8545
1840,8897
1484,10064
316,5599
1355,8693
133,15614
1650,13897
726,7008
1085,2350
501,11693
1300,14143
336,16787
6,14176
117,2224
1168,16063
1362,14209
1146,476
636,13824
1064,6793
293,2006
365,16248
574,11870
962,1138
1454,5023
1191,2789
1619,12684
266,1667
1553,12054
723,13449
1424,8652
90,6501
1707,16453
1244,17610
187,14389
1942,17788
219,14238
1608,13765
1325,11665
493,1486
1381,7731
1762,2454
744,351
337,11404
188,12514
424,14878
1481,13764
1639,12695
1011,11611
974,12447
1349,12928
992,14606
938,7655
1778,13051
932,142
920,11604
307,3067
1761,85
1852,4110
1343,13685
380,4761
1240,2502
354,15336
349,5126
495,12589
1873,12783
1258,5299
1512,16767
901,3005
1072,2610
428,16509
947,12188
1664,1746
1634,8653
1470,3796
845,16180
138,13466
1237,5302
854,2625
1926,8022
605,753
809,6119
1063,16172
638,9597
466,12692
618,16454
1681,15610
919,781
1256,343
808,3737
1188,13420
607,1809
1357,3647
1941,228
455,13550
403,7563
579,6843
152,7262
278,6809
1907,16550
1946,2138
203,4409
1121,8064
125,15425
1269,7655
1903,13833
198,7256
514,2875
1673,12402
582,15912
109,2714
1480,14665
1434,8713
1140,5783
1034,4902
1219,3090
611,9922
483,11792
960,15440
488,6061
1259,1508
911,1343
965,11632
535,8559
1178,13912
1251,3141
519,8417
714,15657
1709,16226
1517,11103
83,17067
1734,4666
1307,12596
376,4909
1253,15682
241,3512
1121,5790
1462,15154
315,2703
1739,14821
280,6128
1643,15410
412,7581
1690,15485
1937,4336
941,99
977,7793
1874,14280
283,2006
1850,11525
1930,9628
1424,15693
691,11713
203,17333
1483,15880
1281,12422
1826,16456
157,13591
1041,9382
1195,15723
728,16406
780,7662
268,6928
519,9992
1257,8123
786,9122
1642,10375
948,9601
1928,15627
1840,11108
401,1894
1171,4593
1802,1688
1452,16649
1272,12280
1367,11676
1867,1473
1297,4412
1808,1408
531,17809
24,5306
1816,12655
533,5332
379,7773
1695,8967
1961,11716
378,9617
1324,8210
1852,4579
1543,3893
658,2003
1391,9453
119,13630
1295,15975
888,13840
442,6584
1635,1071
1288,8602
1841,12457
816,13658
147,17392
778,2866
164,11470
751,17145
1810,12472
1125,14146
659,11518
496,9833
827,2637
1512,9014
561,1408
1852,454
1203,1469
1734,6243
1649,3088
643,15560
79,16910
1472,12615
1958,14874
1785,290
1076,2672
1403,8837
1486,2129
814,12452
1847,11729
533,5901
263,2466
1942,3729
79,7260
530,8700
750,9502
1309,17658
1038,9140
1300,5288
1461,5407
1920,3064
87,11067
823,11790
438,11151
1318,16793
1289,3863
1941,11239
998,4132
872,5804
1490,17834
1729,9379
284,274
1166,6550
1749,10293
1979,8300
26,2154
896,8672
1230,6436
1094,8296
475,2403
1243,8117
1034,2611
1104,3354
230,14459
1377,6426
1844,17184
1035,8452
171,3505
268,8049
1767,7017
1227,6010
1650,15459
655,10086
1217,9437
759,2297
1658,17440
352,11436
2000,5431
1528,964
46,12326
1602,6360
253,5860
351,13340
1840,10559
341,5645
372,9215
1807,12872
756,2769
484,1191
7,6127
1010,2998
796,11640
141,14879
1049,11705
284,6545
681,16390
872,318
927,8231
1086,4678
1463,5314
1735,11087
1307,5257
743,8752
66,16191
276,12201
1528,2543
287,14355
234,16760
1092,8978
1795,2540
1825,6747
545,4736
1374,15251
571,7445
1946,532
755,10400
1346,11353
1059,9326
371,7939
1325,11438
1244,5917
1664,17797
173,8936
301,8256
312,4735
1528,7695
537,12547
291,1884
1304,13715
1980,4672
1211,779
744,5724
724,6432
95,1067
1004,11283
86,14210
1089,15716
1297,1292
1725,17139
286,2627
1480,13222
585,11983
1235,6960
1358,4610
1356,15259
1134,2193
1096,8782
1545,15511
1180,2205
1632,2785
1549,4415
1829,6232
1030,5536
341,3341
190,899
886,7921
1473,3867
289,7905
1306,9243
1185,17389
1798,8256
785,11868
940,13257
1230,943
953,12812
629,5340
1623,14391
1701,8805
777,531
50,16512
1898,16429
1769,9024
1882,11274
1076,16531
1975,11708
1575,12898
268,2263
167,5643
1893,6680
431,3593
12,6808
183,4933
1826,615
321,2813
878,3447
1394,16802
153,9511
1014,2878
159,7967
226,13478
1115,6767
1092,15582
240,10766
229,6014
427,13709
799,15169
1445,5255
1552,7029
1154,13268
494,7245
176,13138
1728,3966
332,11608
1470,15591
977,7055
1889,7315
1265,6437
1596,103
1362,11506
1739,13855
71,13791
483,16032
415,965
1383,8536
1152,12409
439,5626
165,12080
1530,10499
339,6618
1352,6033
55,5686
1405,11905
111,13080
212,8470
807,16149
1487,2828
1641,5640
1409,5687
883,9414
1099,9064
1451,9946
24,12971
1513,13844
334,8231
30,9120
1737,16571
585,8556
661,12885
619,11424
492,136
668,10214
1383,3578
1015,3844
708,762
446,676
1760,7740
961,14516
306,12828
497,10530
274,6358
1309,9469
433,13621
928,14518
1839,4634
41,15740
976,14823
408,16857
1265,10138
1967,14993
159,6556
612,6548
815,16083
744,8044
1273,15837
1611,11100
1332,2081
1684,8228
208,7286
865,1601
1371,15680
1888,13883
1470,1088
316,13454
1667,8763
443,13799
1198,9712
1449,7987
1676,9114
1635,726
1648,13556
553,17888
161,11640
1244,536
1843,17419
435,3690
845,7211
1617,12150
288,7440
204,8214
1464,1384
579,1176
230,12733
1183,15722
508,16862
1695,10918
1798,2600
1115,15739
327,9821
525,11477
202,2329
1308,7855
1590,5311
302,15321
39,11736
1961,3217
771,1728
591,6078
368,8903
738,10657
1669,986
105,10598
1858,2799
1990,1934
652,9989
1816,5927
388,16216
1943,4370
533,3418
846,3064
1404,12844
1407,1694
916,10993
764,13842
1684,12962
1543,17316
913,1167
1179,16989
1606,9859
1459,104
1476,15234
1010,2563
1225,898
1639,13966
1398,9721
1848,3752
654,11484
1816,17863
4,14245
331,5100
1790,8485
1292,6426
377,3621
823,11576
1126,5794
226,12988
386,631
43,2306
213,2149
1557,9153
702,2500
1747,3377
684,4717
712,3199
1556,9726
1913,6139
562,14019
1484,16959
1265,9167
1254,8817
1799,1350
1528,16626
637,4908
1584,7416
1195,14093
711,10048
1526,5866
1412,527
1021,6502
1438,5873
1662,14095
776,15093
201,1212
177,12104
1004,13835
590,10349
1348,1815
1225,9130
1259,11479
315,3261
1190,8893
728,1456
250,9269
194,1682
214,13436
1054,3617
1939,520
476,4238
807,16297
1414,17091
624,9592
1507,9047
168,14782
289,6009
1204,15614
1015,11489
1263,1525
411,14275
894,8757
247,14745
1634,13236
1871,12676
1187,12547
710,7309
1114,15667
1539,125
715,2915
984,10859
224,3931
886,96
1489,899
703,14466
388,3316
1049,2685
120,14369
565,6506
1004,16012
1339,13810
1902,16160
1725,856
109,17692
1679,13032
841,16824
376,8749
329,3190
55,6351
182,12812
284,14439
1345,16616
280,5684
1078,2497
1267,12840
1212,3470
1538,10767
740,8468
902,11404
1776,10719
584,9605
1420,1416
127,10424
1404,11464
865,12449
1419,1669
1287,6040
316,6188
1626,5446
1418,3213
1401,2203
1575,15913
1379,8257
1692,7977
942,9998
436,3422
1914,17191
469,13802
74,10038
650,10531
1715,15947
1809,15889
591,4102
1700,10629
850,7505
98,11489
558,10365
454,12347
830,12668
1419,203
1988,3103
1313,419
100,3698
1377,13447
427,14014
987,15682
396,2414
964,13892
1529,832
1095,14643
194,100
1302,8008
1165,2042
381,10251
1838,1597
228,8775
1244,13419
109,927
1034,7809
1225,5526
1961,6868
1959,15107
1432,15252
1798,8654
1996,11916
1455,11382
1937,11663
1424,11911
1234,1731
1650,9232
291,4125
1509,15580
923,5317
1126,9335
1063,17314
1244,14543
53,600
395,15093
543,4324
1793,3014
1406,10935
542,15139
14,6162
578,13622
430,7652
980,16376
390,4010
627,4018
1976,5975
354,11874
81,13381
1608,2074
1436,6888
627,15694
735,9883
612,3728
548,6506
1545,14960
1695,2717
643,181
1610,6080
951,8416
769,978
516,10631
1491,7278
436,2070
1041,7146
1388,12237
1911,4957
1266,10007
1353,17196
31,2282
1924,2324
1764,14083
117,15744
217,3150
1325,12451
446,4011
1692,4074
1926,10860
303,9103
585,9947
132,4545
606,1918
1647,14555
889,10685
1916,9552
218,10869
837,6719
1408,5181
793,1070
1754,11108
295,4677
795,5984
666,1375
1548,15090
86,11125
1652,9059
1263,407
835,10540
1587,3061
93,13580
1925,17370
957,4472
1429,4504
334,15200
831,16833
1032,15916
927,3942
1860,11238
204,9506
1336,1135
372,16386
967,12032
1777,1514
1817,1018
370,9043
1210,11413
1777,4547
1900,15484
734,16328
1755,17923
1730,3434
160,346
611,7840
1334,1357
665,9331
1704,4806
1309,16968
1973,10326
1513,2167
961,8182
324,12602
1311,16621
1887,13792
1826,14347
1640,16122
710,8247
1439,1723
383,12873
1947,8175
1871,16378
1867,15932
1107,2894
1019,7126
649,14823
170,12164
1753,582
1619,393
1963,6802
1973,10425
1348,9448
1197,379
1199,2528
520,6479
613,10270
1797,15406
732,9400
1556,4834
1756,9411
153,10425
1918,4930
1636,6083
1160,9255
1489,3316
1966,15467
1741,11178
487,8582
879,699
530,15891
1643,9015
240,13180
848,8114
1730,10009
742,12646
1370,9869
988,17434
1915,16540
434,10096
1133,17762
927,6765
1577,6312
1834,6231
1953,14155
1904,11450
785,17710
1032,1044
704,1886
1979,12562
992,14462
950,11708
1175,14885
985,10484
655,15874
1497,11963
1374,13166
1,13410
384,9674
24,13123
596,9613
2,17428
377,9013
265,5191
482,4802
400,11880
1746,16914
671,10795
161,6299
1558,14403
467,1374
742,6674
1921,8674
1029,15773
955,12501
1679,11604
1743,10883
508,7489
1159,3750
694,15115
564,17517
657,13233
602,10335
1281,8432
14,3303
1785,2705
1984,315
280,10068
883,8434
1071,1789
1618,1836
1595,8841
1919,12083
1799,3460
709,5866
415,9147
274,9224
1330,12846
606,3874
1869,10602
1684,15650
1915,14835
1693,14218
1951,11382
834,6205
1834,10
834,7897
184,12118
957,4340
1232,17876
281,13483
1723,15349
488,8928
439,11999
619,16794
779,15644
1282,14558
1767,12319
1753,1698
685,15511
987,17274
1454,6520
796,10338
1965,5651
20,10150
1484,5350
851,1663
280,13906
1191,1455
1905,16694
761,407
1235,3843
737,17256
593,4185
1036,7638
545,14255
106,10865
1686,11651
172,11267
558,4624
1795,15340
1522,6876
766,6474
804,8490
323,5009
951,11955
1312,4519
378,711
1288,12461
36,6243
1782,14639
1675,9832
549,8232
2,3205
178,7119
1501,17153
682,7904
1123,1612
1551,9407
807,5414
1034,12406
1144,5147
150,15412
371,7212
21,8668
1766,15507
1368,8531
1341,5155
1933,17838
1147,15287
152,7309
909,3391
1371,2109
1302,992
1005,4123
96,8961
657,10769
142,10508
306,11493
1889,14912
1362,2143
895,16520
840,16579
592,16810
1989,13301
1111,3996
914,6605
1137,9733
406,4788
1974,5387
1311,2228
407,6609
1304,16868
112,3771
1460,5697
896,17182
760,2083
982,5239
707,16243
880,5138
1185,6343
643,11362
1132,16202
1237,8564
317,17343
953,13929
1313,14500
42,14558
1090,16291
1411,751
1605,7162
1607,6607
1410,10141
639,11701
129,2821
1104,8869
1197,10658
806,2342
1165,4745
739,12331
1603,14597
737,9293
1790,15841
1473,8840
1804,8454
956,14470
1534,11782
313,2399
1,3701
1392,13953
1272,2031
326,8372
178,11503
696,3760
1743,12654
1235,2844
1942,11907
1297,14020
423,11213
1428,8920
1100,15202
1315,11740
1102,12501
1718,10668
1191,360
1299,15086
3,9677
1504,858
1192,4521
1774,4027
1987,17091
433,17291
820,8296
65,7452
1540,14150
68,5169
240,13736
1112,14790
835,13562
896,2807
1261,12626
17,12745
1281,13678
1126,6647
1749,8980
1161,126
1098,6868
317,3736
1452,8939
246,14768
798,4440
1249,17733
1967,8589
1478,7665
900,13765
294,10601
514,1653
876,13107
860,7986
1584,12311
1845,11362
1716,10205
1961,16113
1176,4087
442,3155
1059,1269
1351,9496
1178,10786
330,11712
879,17886
72,8559
1843,14487
1573,15654
237,6762
1644,774
365,5101
582,5131
1501,12375
274,342
399,7099
124,16858
1151,11827
316,16448
529,6185
113,15806
88,7423
1759,8168
1790,1053
1760,9208
575,575
1191,11614
1654,7778
1786,5821
1158,8221
713,16849
1150,11435
71,15197
1768,4297
68,9463
660,6145
720,16989
150,16455
268,5827
1735,9043
1982,10557
1766,13908
738,868
766,15521
390,5988
1194,6422
146,15584
927,4967
419,8194
1173,13009
511,10268
930,9154
810,4974
211,14472
1778,5086
102,14599
550,5688
384,6798
444,2601
1406,17615
1320,8115
381,1776
552,1805
1000,16542
1083,3649
648,4506
234,1692
38,10739
974,11723
1445,12726
1369,16389
1161,4976
1755,14589
1643,2226
1612,5649
668,13827
572,7419
638,17688
1437,11092
1522,7818
1759,6033
599,12120
24,2175
1456,13692
1663,2884
371,12863
836,3357
1265,4811
1952,15514
327,850
1655,17772
1177,1943
905,13559
161,7153
955,4871
805,3036
1559,17809
1742,6722
354,4409
1442,3572
14,6951
767,6085
655,15818
1495,6853
680,15692
583,9787
1261,5492
907,6851
489,4704
1526,7482
1571,4383
1708,16270
37,5855
1005,13550
1057,15815
379,8734
1003,12804
1917,2850
613,3486
182,15966
1548,2337
879,750
1078,4859
57,5583
280,14517
593,15218
1751,1422
781,7660
1931,15164
1857,8372
821,7742
1110,10954
553,1169
1480,10163
1644,5310
1118,4666
716,16026
305,8434
1113,14708
1900,8098
798,3807
389,13239
1993,16471
1724,16003
820,790
1833,416
1358,11167
524,7028
1763,5870
1854,1412
31,1584
371,14055
1614,12828
784,5374
646,5280
1345,2485
1109,7547
1936,10211
207,10385
1307,9524
858,7897
378,12445
1973,17424
1183,12393
1065,6829
1555,8141
1577,4100
312,1856
857,6772
1116,13640
1663,8491
320,1920
181,2721
1669,8082
1609,301
134,9390
1297,3822
415,14337
806,2144
1432,2417
1399,5516
1499,17767
786,15889
1702,9893
1887,746
788,1520
1693,5310
323,1590
1386,15944
394,5318
701,6446
1498,5121
875,3995
981,4334
303,10613
1220,6295
993,304
267,10496
519,6513
1675,11430
1263,1833
1037,9496
146,12823
1031,2259
1976,10424
716,1664
1060,4170
1749,10176
386,11596
522,17369
1519,17708
643,15757
444,17001
1489,3711
649,7576
242,13847
209,353
577,15960
27,2344
582,9670
1481,755
878,14357
1292,8911
128,12652
1284,3017
1057,8209
629,12492
978,9595
1763,7902
1945,10165
649,15691
1532,16579
368,397
109,5144
1772,6981
1373,9672
966,16656
1757,4111
1507,16721
1337,2104
529,9372
592,10709
538,7870
199,6156
678,16829
1565,5703
797,6157
1200,7852
1381,12363
206,3161
111,16364
1942,17489
653,5978
735,11220
1294,10793
1165,14595
412,3834
1791,9914
124,13365
9,11934
787,14042
774,16354
1244,7725
480,16906
277,3558
1577,9
357,10167
84,10080
1101,6261
1818,8459
803,9322
651,2991
1414,15566
1229,14067
1904,16184
281,15808
1246,13722
217,4384
722,13239
1207,16801
112,645
1878,16616
1126,13780
501,14749
1409,15112
1152,12544
581,9751
955,8653
96,15612
834,15920
212,16151
1596,2719
1419,6394
1847,9153
1917,4370
1839,7261
1738,15084
781,909
1773,1260
376,6385
1632,10179
913,5706
403,5355
1980,17772
948,1888
1308,12687
624,510
314,17413
675,1547
430,8968
848,812
1651,13603
1555,5530
1495,7248
1578,10360
1613,9511
1373,2506
676,4663
1449,11299
1163,3735
1597,17443
1819,17790
706,10541
450,15986
1110,2534
807,12951
669,13022
1637,2634
1598,1515
92,8993
1667,11271
1273,9456
1119,387
462,12002
1297,16538
205,3490
409,2348
1555,9065
1041,9200
1852,11300
133,15046
1737,4796
50,6018
820,3897
1218,9519
1209,16709
1612,14498
474,10178
1480,4287
1463,12775
1818,2088
1501,8429
1551,15915
651,44
345,11364
1279,13670
1211,15836
828,1299
1150,552
1790,8044
896,16556
859,10711
804,8823
1155,16293
875,16049
1504,2098
782,551
1850,14980
771,7054
647,844
83,13139
365,12837
139,13308
866,9502
1509,15304
1585,10030
1441,4102
543,10979
1047,3421
1738,4551
1983,14158
347,11467
1998,11033
225,10650
1901,16105
6,1314
968,792
374,7657
257,12434
237,13516
1577,3968
199,4031
682,1224
92,11722
136,16647
150,10585
694,16906
1510,5015
85,6193
843,4999
903,17684
627,6217
995,3010
280,9931
1702,15466
535,9948
1599,16729
1669,7629
1304,2731
922,10410
1467,6789
59,7382
953,8685
973,7530
439,2420
1745,11622
473,16059
585,13608
1847,6559
939,6484
1642,255
678,16714
837,2348
1,8859
754,13653
104,1998
1271,6468
1411,2752
482,5494
620,6038
944,6783
269,14275
696,9205
517,8093
554,9688
987,5089
229,13048
708,15957
950,15322
844,3094
204,8502
948,6732
680,9112
1439,4071
708,13585
1330,3678
1333,6331
448,17211
1883,2653
1075,12005
1925,11946
1050,16852
553,1121
1166,8213
214,12018
1356,11939
874,14843
853,2496
1778,8491
996,10305
781,587
1388,8172
1195,12785
207,6011
608,3761
183,17027
315,12135
1970,685
636,2739
936,16406
576,12607
527,2610
1910,16068
235,11776
1267,15892
1242,4837
1366,9506
1,16243
738,3107
867,15647
1353,8952
1226,16844
1283,11766
420,10827
163,10697
1170,3477
1220,17391
1793,12753
1073,10112
317,9989
1624,4288
1548,561
388,17234
307,12924
1900,12061
1527,10503
390,13478
1385,3678
1190,10504
453,3788
1320,3608
179,15202
653,16926
1115,14302
233,1939
1391,10076
604,9513
422,4074
13,11447
217,13531
1904,12190
922,16353
257,10142
716,11177
1809,13932
297,4841
1665,1973
1649,17852
1248,3531
478,2140
465,3479
122,16518
1065,5370
886,16334
1195,16731
295,15179
1974,16726
141,8325
1562,8242
1239,1851
1309,10666
1986,8634
743,10018
1329,3662
335,8982
417,3603
970,5207
522,11902
1127,17353
1421,15329
1105,715
1653,1373
1931,13636
1831,636
614,170
801,5796
407,14028
1498,12021
667,6221
494,10206
1395,11154
1182,9455
1036,5540
295,1495
421,5552
752,12791
74,7852
1641,1647
724,94
219,4187
1162,1055
1598,11330
1,16959
393,15634
1164,675
1509,10304
46,4662
799,3147
1307,5263
459,15118
1099,13852
1838,13152
514,1472
206,1943
554,16332
1115,12334
1276,3971
939,10583
584,108
751,16861
1558,15918
935,16992
844,14258
931,5289
1953,6161
977,14160
1988,16353
528,3191
621,9769
867,17428
1723,522
994,16885
354,14149
1169,12575
17,17281
917,8788
1308,7001
165,15616
1186,10766
766,833
495,5250
121,16019
758,9745
718,1125
1916,8498
1499,12266
240,3266
1131,5465
1174,6681
702,14056
1655,5881
299,14186
467,15983
1754,4127
1757,8388
1589,5796
251,3009
1976,16143
1690,8688
1115,3756
377,15231
1541,7621
1946,14657
1295,9757
1699,4482
17,17077
957,5100
1910,16860
1936,5292
1317,147
1900,4697
1965,14895
1015,14596
2000,3412
463,17711
107,7741
1230,16921
895,17341
1526,6017
1382,16809
1604,16455
325,12650
1029,10800
1319,5410
1935,11496
1538,13657
1743,4277
561,42
12,3859
1779,2757
1895,5628
5,8465
315,12765
94,9225
407,6026
71,16021
817,17130
1286,8372
1902,17514
170,13661
531,16731
180,4733
1808,17075
1325,2139
1573,5382
714,7208
729,8807
818,12696
318,2682
1860,4625
1212,1344
906,15186
1102,2717
782,2186
727,6549
828,8518
533,14810
686,3910
425,14710
385,4881
1944,13690
263,9052
1707,14110
1574,13732
1121,15535
1513,8947
103,16812
1593,17471
99,8679
1893,12796
1465,16597
1815,4028
1764,7995
1672,1126
286,6809
599,12476
1065,6967
1522,10201
637,1333
740,16649
1958,10947
1108,7066
1288,3078
1144,10406
1869,3960
1263,6180
1070,171
773,6904
584,12063
1464,10096
504,3405
330,13750
433,879
775,10167
1439,15659
1374,3838
1448,6607
711,7998
1116,14141
1251,5867
387,11114
1402,14276
421,11953
17,6660
874,6113
1938,11227
697,14633
789,9199
1782,2979
1556,7758
1957,4661
340,9239
1005,4630
133,1048
824,12723
1198,3769
999,15054
1301,6303
1405,16686
1897,9526
889,11170
185,3144
972,9230
335,9875
1511,16412
777,14446
846,1422
25,13478
556,981
526,4725
423,2169
856,7127
163,6813
1041,9483
480,3542
300,7623
700,16255
92,14486
384,5940
740,430
1884,15401
1366,9491
172,2594
576,2057
1373,11269
1077,14506
962,13478
492,8531
1080,17881
358,17671
383,12722
246,5858
1197,12271
1435,15885
287,9667
405,14275
1698,67
815,6023
1695,10496
1042,631
909,15660
1605,4488
135,281
1976,11162
537,433
1594,12022
152,13369
960,1789
276,14916
516,14160
1065,4004
1052,8507
368,7399
1035,8290
1624,1078
1061,12729
1916,8988
1680,12304
644,4403
1589,6899
1568,326
22,7838
1739,9734
1672,10875
312,6810
682,16133
975,12725
1233,16410
264,7208
1430,10982
1920,5223
968,15228
744,15252
1575,8622
332,3390
373,6800
1585,8930
1396,9855
453,10159
1908,6907
1214,13788
1825,4205
1343,7481
1341,10622
1269,4399
515,1696
862,12639
934,17658
1184,11856
1048,731
1921,8399
970,15631
549,17037
783,16332
506,8179
130,13086
1335,13441
393,7109
955,6601
1768,471
1993,13619
1902,12088
541,14812
387,17305
1893,12756
1747,9289
679,1200
728,14549
1459,15775
914,10829
1218,701
394,4041
1114,13299
1692,2412
1351,8045
1574,13957
1321,1144
188,9826
902,1756
382,3548
881,621
1071,10902
1346,5227
887,7196
605,17361
1055,16210
679,8150
1816,7896
764,11310
936,10788
130,3518
1878,2074
233,9127
1300,4543
277,6686
1939,968
823,8777
184,3611
1557,8159
1224,7769
197,11957
532,6272
1183,13275
1562,6496
1400,12243
565,14713
1780,4277
1127,8428
214,14315
836,15881
1481,6811
905,12478
1694,9573
312,244
775,15091
1194,10286
337,10103
200,9704
169,198
9,15740
1385,9192
723,5908
324,9894
241,6319
160,12646
1167,11323
154,15369
36,703
647,15064
846,7
1127,3446
504,12957
487,6716
1976,4
1444,13390
1968,17750
433,11683
401,3895
791,8662
489,15328
970,15036
603,6046
434,15977
825,2808
49,16913
1022,7245
797,10805
285,17919
35,15895
97,8866
1044,10559
1126,2788
1696,12657
169,4371
1130,13049
1041,9538
384,2297
1430,167
1330,1430
925,8547
1055,7194
61,13441
889,3178
328,2814
1761,5221
1454,2
827,16781
53,11185
408,15252
927,3250
322,7517
1607,693
79,9481
396,14556
475,4428
1185,5608
1421,6650
1139,11559
1199,9273
627,7195
1779,3320
263,6423
1898,11753
66,14990
1744,8936
1553,12554
1887,1325
579,12723
178,12783
273,12854
1798,139
1734,15904
536,17371
1250,6875
527,14268
1924,2712
1955,1649
1325,15816
1740,9041
1545,8030
1518,8488
1156,15860
1590,3369
1438,13630
1913,1323
362,12217
81,8036
713,15894
276,9038
552,16541
639,12738
1852,8525
118,7994
1266,11376
484,3979
601,1067
1619,5477
1423,1933
1721,6123
1765,11568
900,335
184,5055
680,13645
444,16082
837,5290
1517,3402
1867,13560
1006,13623
769,6548
834,13667
1576,2610
588,12352
312,11889
78,16507
925,9989
213,12636
753,16150
1466,9889
716,9301
343,8730
1822,1682
538,7716
512,11077
857,17522
1508,3150
463,17228
1345,3361
583,11290
76,7114
1495,5638
26,6319
1743,10116
1542,11230
191,5297
397,15087
20,11529
519,12381
652,15473
1449,1270
1186,10105
382,10151
272,12893
570,5015
1216,13782
846,14492
145,1900
374,9289
1275,6308
1141,10104
520,9579
1225,1976
1137,2278
1487,4916
1212,1423
1697,14196
158,17307
689,9898
215,3087
1284,16937
1908,17012
393,16806
1060,6078
1867,2894
364,16912
1034,10447
1824,9394
38,6457
1147,8356
1674,4287
1468,1836
1585,3611
1615,13357
957,6944
1227,14613
567,3367
1891,2339
1121,2023
1563,301
1848,3828
1934,14590
1612,17648
1236,13209
1704,14800
643,17819
1206,1238
587,9795
1536,8771
1370,2237
1424,2556
333,11214
1249,9861
981,17719
498,4371
956,5549
546,17724
1566,3994
1534,2459
299,15301
230,11301
1381,158
1221,16437
1888,16234
1859,10461
1097,9177
1615,11873
1575,3713
1208,560
961,13325
1312,6224
394,14171
939,12752
1237,13177
256,8107
1132,17142
600,204
192,1716
1158,7563
1508,16902
539,1099
985,3730
713,239
1922,10784
1517,2155
1072,12043
367,14598
844,2396
234,10810
411,605
1075,16419
695,4758
1140,8516
1583,15559
476,4489
622,1206
1894,6746
277,12113
1321,4702
885,5631
595,12317
108,15225
135,5374
699,16847
1191,13467
95,14485
1114,9768
1299,9969
938,3198
1890,8526
1881,3991
319,2292
1146,11473
1067,13398
1621,17393
718,9352
1820,12539
508,13292
1795,12689
1680,5098
255,13981
1550,7481
1621,12340
1428,7941
1046,15154
1730,3778
1148,12272
1398,1533
1169,12207
800,15720
803,5025
1928,9375
1331,8815
264,10991
443,12474
75,15364
1920,4249
1395,10444
1381,15237
1304,6712
1367,15626
1366,14630
928,707
110,7252
16,14175
834,6724
619,9784
495,4247
884,5421
973,3665
1087,9298
267,11914
1895,10871
1518,957
1615,17051
641,12360
1738,4943
132,4347
1221,9895
282,10184
1597,11102
291,14071
1480,11519
1960,14531
625,15712
1487,7285
1418,10555
1711,298
724,5507
1028,17503
1979,10296
1682,11389
369,3836
1812,1472
755,12268
1803,14445
1395,4030
1413,3125
1404,10081
163,3887
1333,12921
1247,2663
812,16780
1162,4835
1268,2001
1287,8005
689,11082
1049,4258
1068,14098
83,4078
435,12614
1618,8651
348,1978
761,7167
1129,12602
1545,6283
640,6355
592,5301
894,4772
1795,5861
1706,166
1904,5195
138,13898
1969,7157
1752,8019
1016,535
1752,17379
1753,10373
1387,5338
777,9542
1809,960
1400,17608
1858,10227
1345,2481
863,12911
703,11245
1266,1977
1021,5955
1017,11419
1096,3229
853,9458
121,2820
1705,7635
1328,3653
387,938
1096,4664
1993,8938
256,4851
1191,2056
452,10552
57,5984
480,16076
342,6101
1258,9205
1694,10572
558,5440
593,5057
1139,6447
1051,11377
1020,9017
1603,15873
694,4517
1604,15246
1931,11965
1134,2173
273,11329
798,15741
1959,14435
1749,4530
638,2390
30,5748
651,7526
1892,5807
822,3781
1142,7959
548,6469
836,13902
398,10427
619,2808
1956,5560
620,9258
349,16193
120,3152
1682,11492
1204,15529
347,17802
469,15985
192,15892
310,1034
15,474
1298,12263
696,13498
729,13423
403,15645
1801,13871
1124,12412
163,17912
223,4580
981,1924
1757,12524
1333,6191
553,17034
1320,10126
1564,15849
364,5699
1583,4365
