id,nome,idade
1,Usuario_1,29
2,Usuario_2,68
3,Usuario_3,31
4,Usuario_4,67
5,Usuario_5,58
6,Usuario_6,32
7,Usuario_7,59
8,Usuario_8,59
9,Usuario_9,70
10,Usuario_10,37
11,Usuario_11,56
12,Usuario_12,32
13,Usuario_13,60
14,Usuario_14,22
15,Usuario_15,21
16,Usuario_16,41
17,Usuario_17,65
18,Usuario_18,70
19,Usuario_19,62
20,Usuario_20,27
21,Usuario_21,67
22,Usuario_22,31
23,Usuario_23,53
24,Usuario_24,65
25,Usuario_25,21
26,Usuario_26,29
27,Usuario_27,67
28,Usuario_28,53
29,Usuario_29,21
30,Usuario_30,57
31,Usuario_31,48
32,Usuario_32,45
33,Usuario_33,52
34,Usuario_34,31
35,Usuario_35,69
36,Usuario_36,18
37,Usuario_37,27
38,Usuario_38,43
39,Usuario_39,57
40,Usuario_40,47
41,Usuario_41,42
42,Usuario_42,31
43,Usuario_43,18
44,Usuario_44,70
45,Usuario_45,32
46,Usuario_46,46
47,Usuario_47,18
48,Usuario_48,43
49,Usuario_49,18
50,Usuario_50,45
51,Usuario_51,39
52,Usuario_52,42
53,Usuario_53,52
54,Usuario_54,60
55,Usuario_55,47
56,Usuario_56,24
57,Usuario_57,53
58,Usuario_58,25
59,Usuario_59,64
60,Usuario_60,55
61,Usuario_61,57
62,Usuario_62,64
63,Usuario_63,54
64,Usuario_64,55
65,Usuario_65,26
66,Usuario_66,60
67,Usuario_67,54
68,Usuario_68,61
69,Usuario_69,55
70,Usuario_70,40
71,Usuario_71,53
72,Usuario_72,68
73,Usuario_73,20
74,Usuario_74,43
75,Usuario_75,19
76,Usuario_76,50
77,Usuario_77,32
78,Usuario_78,31
79,Usuario_79,48
80,Usuario_80,55
81,Usuario_81,52
82,Usuario_82,60
83,Usuario_83,59
84,Usuario_84,50
85,Usuario_85,66
86,Usuario_86,61
87,Usuario_87,51
88,Usuario_88,55
89,Usuario_89,18
90,Usuario_90,61
91,Usuario_91,24
92,Usuario_92,38
93,Usuario_93,55
94,Usuario_94,32
95,Usuario_95,20
96,Usuario_96,21
97,Usuario_97,36
98,Usuario_98,37
99,Usuario_99,18
100,Usuario_100,24
101,Usuario_101,31
102,Usuario_102,42
103,Usuario_103,45
104,Usuario_104,50
105,Usuario_105,21
106,Usuario_106,26
107,Usuario_107,42
108,Usuario_108,25
109,Usuario_109,65
110,Usuario_110,45
111,Usuario_111,23
112,Usuario_112,32
113,Usuario_113,30
114,Usuario_114,49
115,Usuario_115,64
116,Usuario_116,35
117,Usuario_117,62
118,Usuario_118,23
119,Usuario_119,43
120,Usuario_120,33
121,Usuario_121,57
122,Usuario_122,36
123,Usuario_123,60
124,Usuario_124,35
125,Usuario_125,69
126,Usuario_126,49
127,Usuario_127,32
128,Usuario_128,40
129,Usuario_129,56
130,Usuario_130,26
131,Usuario_131,25
132,Usuario_132,33
133,Usuario_133,19
134,Usuario_134,42
135,Usuario_135,18
136,Usuario_136,65
137,Usuario_137,59
138,Usuario_138,18
139,Usuario_139,52
140,Usuario_140,69
141,Usuario_141,31
142,Usuario_142,30
143,Usuario_143,28
144,Usuario_144,22
145,Usuario_145,53
146,Usuario_146,28
147,Usuario_147,25
148,Usuario_148,48
149,Usuario_149,57
150,Usuario_150,30
151,Usuario_151,22
152,Usuario_152,38
153,Usuario_153,25
154,Usuario_154,39
155,Usuario_155,67
156,Usuario_156,28
157,Usuario_157,40
158,Usuario_158,47
159,Usuario_159,22
160,Usuario_160,36
161,Usuario_161,22
162,Usuario_162,39
163,Usuario_163,57
164,Usuario_164,50
165,Usuario_165,70
166,Usuario_166,68
167,Usuario_167,70
168,Usuario_168,21
169,Usuario_169,26
170,Usuario_170,25
171,Usuario_171,36
172,Usuario_172,39
173,Usuario_173,69
174,Usuario_174,62
175,Usuario_175,69
176,Usuario_176,55
177,Usuario_177,27
178,Usuario_178,68
179,Usuario_179,57
180,Usuario_180,66
181,Usuario_181,53
182,Usuario_182,60
183,Usuario_183,22
184,Usuario_184,26
185,Usuario_185,22
186,Usuario_186,40
187,Usuario_187,33
188,Usuario_188,61
189,Usuario_189,40
190,Usuario_190,70
191,Usuario_191,28
192,Usuario_192,69
193,Usuario_193,18
194,Usuario_194,54
195,Usuario_195,44
196,Usuario_196,22
197,Usuario_197,56
198,Usuario_198,22
199,Usuario_199,30
200,Usuario_200,62
201,Usuario_201,20
202,Usuario_202,21
203,Usuario_203,60
204,Usuario_204,57
205,Usuario_205,54
206,Usuario_206,52
207,Usuario_207,54
208,Usuario_208,21
209,Usuario_209,61
210,Usuario_210,48
211,Usuario_211,57
212,Usuario_212,62
213,Usuario_213,55
214,Usuario_214,29
215,Usuario_215,41
216,Usuario_216,44
217,Usuario_217,68
218,Usuario_218,55
219,Usuario_219,52
220,Usuario_220,35
221,Usuario_221,68
222,Usuario_222,55
223,Usuario_223,32
224,Usuario_224,37
225,Usuario_225,43
226,Usuario_226,49
227,Usuario_227,54
228,Usuario_228,32
229,Usuario_229,51
230,Usuario_230,44
231,Usuario_231,39
232,Usuario_232,39
233,Usuario_233,53
234,Usuario_234,47
235,Usuario_235,57
236,Usuario_236,43
237,Usuario_237,63
238,Usuario_238,20
239,Usuario_239,46
240,Usuario_240,54
241,Usuario_241,19
242,Usuario_242,58
243,Usuario_243,22
244,Usuario_244,42
245,Usuario_245,61
246,Usuario_246,58
247,Usuario_247,64
248,Usuario_248,52
249,Usuario_249,60
250,Usuario_250,34
251,Usuario_251,39
252,Usuario_252,57
253,Usuario_253,65
254,Usuario_254,67
255,Usuario_255,68
256,Usuario_256,66
257,Usuario_257,20
258,Usuario_258,55
259,Usuario_259,69
260,Usuario_260,69
261,Usuario_261,59
262,Usuario_262,21
263,Usuario_263,33
264,Usuario_264,52
265,Usuario_265,35
266,Usuario_266,46
267,Usuario_267,52
268,Usuario_268,20
269,Usuario_269,22
270,Usuario_270,54
271,Usuario_271,35
272,Usuario_272,49
273,Usuario_273,54
274,Usuario_274,64
275,Usuario_275,62
276,Usuario_276,53
277,Usuario_277,25
278,Usuario_278,37
279,Usuario_279,36
280,Usuario_280,47
281,Usuario_281,40
282,Usuario_282,30
283,Usuario_283,68
284,Usuario_284,69
285,Usuario_285,58
286,Usuario_286,69
287,Usuario_287,51
288,Usuario_288,69
289,Usuario_289,59
290,Usuario_290,40
291,Usuario_291,60
292,Usuario_292,42
293,Usuario_293,52
294,Usuario_294,59
295,Usuario_295,41
296,Usuario_296,58
297,Usuario_297,44
298,Usuario_298,64
299,Usuario_299,24
300,Usuario_300,55
301,Usuario_301,32
302,Usuario_302,29
303,Usuario_303,44
304,Usuario_304,49
305,Usuario_305,24
306,Usuario_306,28
307,Usuario_307,64
308,Usuario_308,33
309,Usuario_309,34
310,Usuario_310,44
311,Usuario_311,30
312,Usuario_312,39
313,Usuario_313,54
314,Usuario_314,57
315,Usuario_315,63
316,Usuario_316,57
317,Usuario_317,70
318,Usuario_318,67
319,Usuario_319,43
320,Usuario_320,46
321,Usuario_321,68
322,Usuario_322,40
323,Usuario_323,48
324,Usuario_324,65
325,Usuario_325,26
326,Usuario_326,29
327,Usuario_327,68
328,Usuario_328,21
329,Usuario_329,18
330,Usuario_330,37
331,Usuario_331,67
332,Usuario_332,21
333,Usuario_333,32
334,Usuario_334,42
335,Usuario_335,21
336,Usuario_336,31
337,Usuario_337,25
338,Usuario_338,61
339,Usuario_339,52
340,Usuario_340,49
341,Usuario_341,64
342,Usuario_342,69
343,Usuario_343,41
344,Usuario_344,43
345,Usuario_345,26
346,Usuario_346,26
347,Usuario_347,19
348,Usuario_348,28
349,Usuario_349,23
350,Usuario_350,41
351,Usuario_351,39
352,Usuario_352,51
353,Usuario_353,21
354,Usuario_354,28
355,Usuario_355,64
356,Usuario_356,69
357,Usuario_357,66
358,Usuario_358,35
359,Usuario_359,66
360,Usuario_360,22
361,Usuario_361,56
362,Usuario_362,28
363,Usuario_363,33
364,Usuario_364,57
365,Usuario_365,52
366,Usuario_366,48
367,Usuario_367,36
368,Usuario_368,67
369,Usuario_369,23
370,Usuario_370,64
371,Usuario_371,62
372,Usuario_372,38
373,Usuario_373,31
374,Usuario_374,22
375,Usuario_375,46
376,Usuario_376,56
377,Usuario_377,45
378,Usuario_378,63
379,Usuario_379,19
380,Usuario_380,63
381,Usuario_381,51
382,Usuario_382,41
383,Usuario_383,19
384,Usuario_384,58
385,Usuario_385,36
386,Usuario_386,65
387,Usuario_387,40
388,Usuario_388,36
389,Usuario_389,67
390,Usuario_390,44
391,Usuario_391,63
392,Usuario_392,50
393,Usuario_393,61
394,Usuario_394,28
395,Usuario_395,60
396,Usuario_396,38
397,Usuario_397,60
398,Usuario_398,24
399,Usuario_399,26
400,Usuario_400,23
401,Usuario_401,61
402,Usuario_402,19
403,Usuario_403,68
404,Usuario_404,62
405,Usuario_405,48
406,Usuario_406,36
407,Usuario_407,59
408,Usuario_408,41
409,Usuario_409,39
410,Usuario_410,45
411,Usuario_411,70
412,Usuario_412,50
413,Usuario_413,42
414,Usuario_414,33
415,Usuario_415,41
416,Usuario_416,57
417,Usuario_417,63
418,Usuario_418,23
419,Usuario_419,68
420,Usuario_420,56
421,Usuario_421,25
422,Usuario_422,45
423,Usuario_423,21
424,Usuario_424,19
425,Usuario_425,27
426,Usuario_426,54
427,Usuario_427,51
428,Usuario_428,57
429,Usuario_429,29
430,Usuario_430,61
431,Usuario_431,60
432,Usuario_432,30
433,Usuario_433,59
434,Usuario_434,25
435,Usuario_435,26
436,Usuario_436,50
437,Usuario_437,64
438,Usuario_438,23
439,Usuario_439,50
440,Usuario_440,30
441,Usuario_441,31
442,Usuario_442,70
443,Usuario_443,44
444,Usuario_444,41
445,Usuario_445,58
446,Usuario_446,38
447,Usuario_447,37
448,Usuario_448,21
449,Usuario_449,21
450,Usuario_450,53
451,Usuario_451,70
452,Usuario_452,30
453,Usuario_453,33
454,Usuario_454,39
455,Usuario_455,27
456,Usuario_456,54
457,Usuario_457,57
458,Usuario_458,47
459,Usuario_459,48
460,Usuario_460,23
461,Usuario_461,51
462,Usuario_462,40
463,Usuario_463,59
464,Usuario_464,55
465,Usuario_465,31
466,Usuario_466,48
467,Usuario_467,25
468,Usuario_468,64
469,Usuario_469,26
470,Usuario_470,35
471,Usuario_471,26
472,Usuario_472,27
473,Usuario_473,69
474,Usuario_474,61
475,Usuario_475,64
476,Usuario_476,32
477,Usuario_477,45
478,Usuario_478,41
479,Usuario_479,39
480,Usuario_480,56
481,Usuario_481,62
482,Usuario_482,41
483,Usuario_483,28
484,Usuario_484,37
485,Usuario_485,20
486,Usuario_486,21
487,Usuario_487,41
488,Usuario_488,40
489,Usuario_489,59
490,Usuario_490,51
491,Usuario_491,41
492,Usuario_492,18
493,Usuario_493,49
494,Usuario_494,67
495,Usuario_495,40
496,Usuario_496,56
497,Usuario_497,40
498,Usuario_498,64
499,Usuario_499,44
500,Usuario_500,64
501,Usuario_501,50
502,Usuario_502,38
503,Usuario_503,65
504,Usuario_504,24
505,Usuario_505,35
506,Usuario_506,63
507,Usuario_507,51
508,Usuario_508,57
509,Usuario_509,65
510,Usuario_510,21
511,Usuario_511,52
512,Usuario_512,54
513,Usuario_513,24
514,Usuario_514,24
515,Usuario_515,48
516,Usuario_516,23
517,Usuario_517,52
518,Usuario_518,64
519,Usuario_519,56
520,Usuario_520,46
521,Usuario_521,51
522,Usuario_522,50
523,Usuario_523,40
524,Usuario_524,69
525,Usuario_525,18
526,Usuario_526,58
527,Usuario_527,34
528,Usuario_528,36
529,Usuario_529,28
530,Usuario_530,64
531,Usuario_531,20
532,Usuario_532,61
533,Usuario_533,69
534,Usuario_534,38
535,Usuario_535,39
536,Usuario_536,67
537,Usuario_537,42
538,Usuario_538,23
539,Usuario_539,60
540,Usuario_540,66
541,Usuario_541,31
542,Usuario_542,32
543,Usuario_543,57
544,Usuario_544,68
545,Usuario_545,26
546,Usuario_546,42
547,Usuario_547,55
548,Usuario_548,37
549,Usuario_549,33
550,Usuario_550,48
551,Usuario_551,35
552,Usuario_552,45
553,Usuario_553,24
554,Usuario_554,70
555,Usuario_555,37
556,Usuario_556,27
557,Usuario_557,44
558,Usuario_558,59
559,Usuario_559,45
560,Usuario_560,33
561,Usuario_561,61
562,Usuario_562,44
563,Usuario_563,29
564,Usuario_564,33
565,Usuario_565,37
566,Usuario_566,65
567,Usuario_567,51
568,Usuario_568,19
569,Usuario_569,28
570,Usuario_570,54
571,Usuario_571,53
572,Usuario_572,66
573,Usuario_573,43
574,Usuario_574,21
575,Usuario_575,63
576,Usuario_576,60
577,Usuario_577,21
578,Usuario_578,69
579,Usuario_579,47
580,Usuario_580,42
581,Usuario_581,70
582,Usuario_582,32
583,Usuario_583,34
584,Usuario_584,32
585,Usuario_585,30
586,Usuario_586,33
587,Usuario_587,59
588,Usuario_588,67
589,Usuario_589,43
590,Usuario_590,35
591,Usuario_591,62
592,Usuario_592,34
593,Usuario_593,65
594,Usuario_594,36
595,Usuario_595,42
596,Usuario_596,42
597,Usuario_597,60
598,Usuario_598,41
599,Usuario_599,58
600,Usuario_600,19
601,Usuario_601,57
602,Usuario_602,45
603,Usuario_603,50
604,Usuario_604,63
605,Usuario_605,28
606,Usuario_606,52
607,Usuario_607,31
608,Usuario_608,49
609,Usuario_609,41
610,Usuario_610,23
611,Usuario_611,61
612,Usuario_612,63
613,Usuario_613,58
614,Usuario_614,44
615,Usuario_615,23
616,Usuario_616,49
617,Usuario_617,30
618,Usuario_618,59
619,Usuario_619,49
620,Usuario_620,60
621,Usuario_621,50
622,Usuario_622,24
623,Usuario_623,26
624,Usuario_624,55
625,Usuario_625,52
626,Usuario_626,53
627,Usuario_627,62
628,Usuario_628,33
629,Usuario_629,62
630,Usuario_630,64
631,Usuario_631,50
632,Usuario_632,33
633,Usuario_633,45
634,Usuario_634,50
635,Usuario_635,68
636,Usuario_636,34
637,Usuario_637,70
638,Usuario_638,63
639,Usuario_639,44
640,Usuario_640,41
641,Usuario_641,43
642,Usuario_642,36
643,Usuario_643,35
644,Usuario_644,66
645,Usuario_645,22
646,Usuario_646,63
647,Usuario_647,70
648,Usuario_648,53
649,Usuario_649,36
650,Usuario_650,65
651,Usuario_651,69
652,Usuario_652,32
653,Usuario_653,27
654,Usuario_654,42
655,Usuario_655,50
656,Usuario_656,53
657,Usuario_657,19
658,Usuario_658,34
659,Usuario_659,46
660,Usuario_660,19
661,Usuario_661,64
662,Usuario_662,53
663,Usuario_663,58
664,Usuario_664,41
665,Usuario_665,69
666,Usuario_666,44
667,Usuario_667,55
668,Usuario_668,64
669,Usuario_669,51
670,Usuario_670,70
671,Usuario_671,55
672,Usuario_672,23
673,Usuario_673,66
674,Usuario_674,18
675,Usuario_675,58
676,Usuario_676,64
677,Usuario_677,55
678,Usuario_678,52
679,Usuario_679,24
680,Usuario_680,19
681,Usuario_681,38
682,Usuario_682,25
683,Usuario_683,51
684,Usuario_684,40
685,Usuario_685,48
686,Usuario_686,36
687,Usuario_687,67
688,Usuario_688,47
689,Usuario_689,48
690,Usuario_690,70
691,Usuario_691,22
692,Usuario_692,27
693,Usuario_693,67
694,Usuario_694,56
695,Usuario_695,48
696,Usuario_696,42
697,Usuario_697,65
698,Usuario_698,60
699,Usuario_699,31
700,Usuario_700,22
701,Usuario_701,37
702,Usuario_702,47
703,Usuario_703,58
704,Usuario_704,28
705,Usuario_705,20
706,Usuario_706,58
707,Usuario_707,20
708,Usuario_708,46
709,Usuario_709,27
710,Usuario_710,62
711,Usuario_711,61
712,Usuario_712,55
713,Usuario_713,66
714,Usuario_714,60
715,Usuario_715,63
716,Usuario_716,46
717,Usuario_717,46
718,Usuario_718,21
719,Usuario_719,54
720,Usuario_720,60
721,Usuario_721,39
722,Usuario_722,21
723,Usuario_723,53
724,Usuario_724,44
725,Usuario_725,29
726,Usuario_726,45
727,Usuario_727,30
728,Usuario_728,26
729,Usuario_729,40
730,Usuario_730,66
731,Usuario_731,31
732,Usuario_732,66
733,Usuario_733,41
734,Usuario_734,18
735,Usuario_735,68
736,Usuario_736,40
737,Usuario_737,55
738,Usuario_738,29
739,Usuario_739,36
740,Usuario_740,59
741,Usuario_741,63
742,Usuario_742,37
743,Usuario_743,38
744,Usuario_744,22
745,Usuario_745,28
746,Usuario_746,48
747,Usuario_747,54
748,Usuario_748,64
749,Usuario_749,68
750,Usuario_750,43
751,Usuario_751,42
752,Usuario_752,51
753,Usuario_753,44
754,Usuario_754,59
755,Usuario_755,22
756,Usuario_756,43
757,Usuario_757,65
758,Usuario_758,47
759,Usuario_759,65
760,Usuario_760,22
761,Usuario_761,46
762,Usuario_762,33
763,Usuario_763,33
764,Usuario_764,69
765,Usuario_765,18
766,Usuario_766,55
767,Usuario_767,37
768,Usuario_768,40
769,Usuario_769,31
770,Usuario_770,21
771,Usuario_771,69
772,Usuario_772,57
773,Usuario_773,27
774,Usuario_774,20
775,Usuario_775,37
776,Usuario_776,56
777,Usuario_777,63
778,Usuario_778,69
779,Usuario_779,59
780,Usuario_780,38
781,Usuario_781,37
782,Usuario_782,23
783,Usuario_783,27
784,Usuario_784,51
785,Usuario_785,53
786,Usuario_786,30
787,Usuario_787,24
788,Usuario_788,52
789,Usuario_789,36
790,Usuario_790,22
791,Usuario_791,60
792,Usuario_792,37
793,Usuario_793,25
794,Usuario_794,65
795,Usuario_795,23
796,Usuario_796,61
797,Usuario_797,59
798,Usuario_798,28
799,Usuario_799,41
800,Usuario_800,58
801,Usuario_801,63
802,Usuario_802,46
803,Usuario_803,57
804,Usuario_804,57
805,Usuario_805,27
806,Usuario_806,54
807,Usuario_807,29
808,Usuario_808,23
809,Usuario_809,38
810,Usuario_810,24
811,Usuario_811,44
812,Usuario_812,35
813,Usuario_813,52
814,Usuario_814,35
815,Usuario_815,35
816,Usuario_816,46
817,Usuario_817,32
818,Usuario_818,51
819,Usuario_819,22
820,Usuario_820,24
821,Usuario_821,22
822,Usuario_822,51
823,Usuario_823,33
824,Usuario_824,60
825,Usuario_825,49
826,Usuario_826,23
827,Usuario_827,36
828,Usuario_828,41
829,Usuario_829,37
830,Usuario_830,23
831,Usuario_831,54
832,Usuario_832,50
833,Usuario_833,50
834,Usuario_834,68
835,Usuario_835,63
836,Usuario_836,18
837,Usuario_837,43
838,Usuario_838,59
839,Usuario_839,44
840,Usuario_840,37
841,Usuario_841,67
842,Usuario_842,26
843,Usuario_843,42
844,Usuario_844,36
845,Usuario_845,65
846,Usuario_846,43
847,Usuario_847,29
848,Usuario_848,36
849,Usuario_849,36
850,Usuario_850,19
851,Usuario_851,58
852,Usuario_852,40
853,Usuario_853,25
854,Usuario_854,36
855,Usuario_855,69
856,Usuario_856,40
857,Usuario_857,42
858,Usuario_858,21
859,Usuario_859,39
860,Usuario_860,58
861,Usuario_861,39
862,Usuario_862,66
863,Usuario_863,44
864,Usuario_864,52
865,Usuario_865,31
866,Usuario_866,25
867,Usuario_867,37
868,Usuario_868,49
869,Usuario_869,28
870,Usuario_870,37
871,Usuario_871,43
872,Usuario_872,37
873,Usuario_873,52
874,Usuario_874,31
875,Usuario_875,31
876,Usuario_876,45
877,Usuario_877,23
878,Usuario_878,27
879,Usuario_879,52
880,Usuario_880,64
881,Usuario_881,33
882,Usuario_882,63
883,Usuario_883,64
884,Usuario_884,50
885,Usuario_885,69
886,Usuario_886,65
887,Usuario_887,46
888,Usuario_888,57
889,Usuario_889,67
890,Usuario_890,70
891,Usuario_891,58
892,Usuario_892,61
893,Usuario_893,39
894,Usuario_894,63
895,Usuario_895,42
896,Usuario_896,59
897,Usuario_897,67
898,Usuario_898,66
899,Usuario_899,21
900,Usuario_900,54
901,Usuario_901,33
902,Usuario_902,54
903,Usuario_903,40
904,Usuario_904,50
905,Usuario_905,61
906,Usuario_906,49
907,Usuario_907,45
908,Usuario_908,36
909,Usuario_909,25
910,Usuario_910,63
911,Usuario_911,58
912,Usuario_912,29
913,Usuario_913,54
914,Usuario_914,63
915,Usuario_915,66
916,Usuario_916,45
917,Usuario_917,41
918,Usuario_918,42
919,Usuario_919,50
920,Usuario_920,42
921,Usuario_921,64
922,Usuario_922,31
923,Usuario_923,28
924,Usuario_924,27
925,Usuario_925,23
926,Usuario_926,24
927,Usuario_927,29
928,Usuario_928,39
929,Usuario_929,39
930,Usuario_930,55
931,Usuario_931,57
932,Usuario_932,18
933,Usuario_933,24
934,Usuario_934,50
935,Usuario_935,26
936,Usuario_936,54
937,Usuario_937,52
938,Usuario_938,37
939,Usuario_939,23
940,Usuario_940,22
941,Usuario_941,48
942,Usuario_942,69
943,Usuario_943,53
944,Usuario_944,29
945,Usuario_945,52
946,Usuario_946,33
947,Usuario_947,70
948,Usuario_948,18
949,Usuario_949,23
950,Usuario_950,30
951,Usuario_951,21
952,Usuario_952,47
953,Usuario_953,35
954,Usuario_954,18
955,Usuario_955,32
956,Usuario_956,36
957,Usuario_957,57
958,Usuario_958,52
959,Usuario_959,18
960,Usuario_960,46
961,Usuario_961,51
962,Usuario_962,25
963,Usuario_963,30
964,Usuario_964,27
965,Usuario_965,61
966,Usuario_966,33
967,Usuario_967,30
968,Usuario_968,25
969,Usuario_969,55
970,Usuario_970,68
971,Usuario_971,38
972,Usuario_972,39
973,Usuario_973,27
974,Usuario_974,46
975,Usuario_975,62
976,Usuario_976,55
977,Usuario_977,44
978,Usuario_978,58
979,Usuario_979,41
980,Usuario_980,37
981,Usuario_981,58
982,Usuario_982,21
983,Usuario_983,54
984,Usuario_984,54
985,Usuario_985,34
986,Usuario_986,65
987,Usuario_987,18
988,Usuario_988,53
989,Usuario_989,33
990,Usuario_990,19
991,Usuario_991,25
992,Usuario_992,39
993,Usuario_993,53
994,Usuario_994,60
995,Usuario_995,65
996,Usuario_996,50
997,Usuario_997,69
998,Usuario_998,25
999,Usuario_999,66
1000,Usuario_1000,36
1001,Usuario_1001,40
1002,Usuario_1002,26
1003,Usuario_1003,58
1004,Usuario_1004,30
1005,Usuario_1005,40
1006,Usuario_1006,43
1007,Usuario_1007,70
1008,Usuario_1008,41
1009,Usuario_1009,44
1010,Usuario_1010,54
1011,Usuario_1011,38
1012,Usuario_1012,55
1013,Usuario_1013,27
1014,Usuario_1014,38
1015,Usuario_1015,49
1016,Usuario_1016,44
1017,Usuario_1017,29
1018,Usuario_1018,36
1019,Usuario_1019,65
1020,Usuario_1020,49
1021,Usuario_1021,28
1022,Usuario_1022,68
1023,Usuario_1023,47
1024,Usuario_1024,59
1025,Usuario_1025,45
1026,Usuario_1026,46
1027,Usuario_1027,39
1028,Usuario_1028,55
1029,Usuario_1029,28
1030,Usuario_1030,63
1031,Usuario_1031,63
1032,Usuario_1032,69
1033,Usuario_1033,33
1034,Usuario_1034,38
1035,Usuario_1035,30
1036,Usuario_1036,23
1037,Usuario_1037,54
1038,Usuario_1038,36
1039,Usuario_1039,36
1040,Usuario_1040,35
1041,Usuario_1041,51
1042,Usuario_1042,39
1043,Usuario_1043,27
1044,Usuario_1044,47
1045,Usuario_1045,37
1046,Usuario_1046,25
1047,Usuario_1047,27
1048,Usuario_1048,35
1049,Usuario_1049,30
1050,Usuario_1050,53
1051,Usuario_1051,31
1052,Usuario_1052,46
1053,Usuario_1053,21
1054,Usuario_1054,19
1055,Usuario_1055,59
1056,Usuario_1056,47
1057,Usuario_1057,34
1058,Usuario_1058,41
1059,Usuario_1059,47
1060,Usuario_1060,58
1061,Usuario_1061,51
1062,Usuario_1062,56
1063,Usuario_1063,57
1064,Usuario_1064,65
1065,Usuario_1065,22
1066,Usuario_1066,22
1067,Usuario_1067,23
1068,Usuario_1068,58
1069,Usuario_1069,42
1070,Usuario_1070,47
1071,Usuario_1071,49
1072,Usuario_1072,25
1073,Usuario_1073,40
1074,Usuario_1074,57
1075,Usuario_1075,39
1076,Usuario_1076,62
1077,Usuario_1077,47
1078,Usuario_1078,31
1079,Usuario_1079,25
1080,Usuario_1080,47
1081,Usuario_1081,46
1082,Usuario_1082,42
1083,Usuario_1083,64
1084,Usuario_1084,49
1085,Usuario_1085,64
1086,Usuario_1086,24
1087,Usuario_1087,27
1088,Usuario_1088,62
1089,Usuario_1089,32
1090,Usuario_1090,56
1091,Usuario_1091,55
1092,Usuario_1092,50
1093,Usuario_1093,47
1094,Usuario_1094,43
1095,Usuario_1095,52
1096,Usuario_1096,18
1097,Usuario_1097,58
1098,Usuario_1098,44
1099,Usuario_1099,45
1100,Usuario_1100,26
1101,Usuario_1101,67
1102,Usuario_1102,58
1103,Usuario_1103,55
1104,Usuario_1104,47
1105,Usuario_1105,21
1106,Usuario_1106,21
1107,Usuario_1107,67
1108,Usuario_1108,50
1109,Usuario_1109,33
1110,Usuario_1110,59
1111,Usuario_1111,68
1112,Usuario_1112,36
1113,Usuario_1113,58
1114,Usuario_1114,69
1115,Usuario_1115,66
1116,Usuario_1116,33
1117,Usuario_1117,68
1118,Usuario_1118,56
1119,Usuario_1119,69
1120,Usuario_1120,45
1121,Usuario_1121,47
1122,Usuario_1122,36
1123,Usuario_1123,27
1124,Usuario_1124,27
1125,Usuario_1125,39
1126,Usuario_1126,62
1127,Usuario_1127,21
1128,Usuario_1128,23
1129,Usuario_1129,19
1130,Usuario_1130,58
1131,Usuario_1131,41
1132,Usuario_1132,36
1133,Usuario_1133,43
1134,Usuario_1134,69
1135,Usuario_1135,70
1136,Usuario_1136,64
1137,Usuario_1137,42
1138,Usuario_1138,34
1139,Usuario_1139,31
1140,Usuario_1140,41
1141,Usuario_1141,28
1142,Usuario_1142,65
1143,Usuario_1143,21
1144,Usuario_1144,64
1145,Usuario_1145,65
1146,Usuario_1146,38
1147,Usuario_1147,57
1148,Usuario_1148,53
1149,Usuario_1149,21
1150,Usuario_1150,66
1151,Usuario_1151,36
1152,Usuario_1152,21
1153,Usuario_1153,70
1154,Usuario_1154,35
1155,Usuario_1155,43
1156,Usuario_1156,56
1157,Usuario_1157,57
1158,Usuario_1158,57
1159,Usuario_1159,32
1160,Usuario_1160,40
1161,Usuario_1161,55
1162,Usuario_1162,45
1163,Usuario_1163,49
1164,Usuario_1164,51
1165,Usuario_1165,55
1166,Usuario_1166,58
1167,Usuario_1167,52
1168,Usuario_1168,40
1169,Usuario_1169,40
1170,Usuario_1170,32
1171,Usuario_1171,31
1172,Usuario_1172,34
1173,Usuario_1173,30
1174,Usuario_1174,68
1175,Usuario_1175,38
1176,Usuario_1176,31
1177,Usuario_1177,25
1178,Usuario_1178,65
1179,Usuario_1179,28
1180,Usuario_1180,25
1181,Usuario_1181,42
1182,Usuario_1182,33
1183,Usuario_1183,47
1184,Usuario_1184,18
1185,Usuario_1185,58
1186,Usuario_1186,37
1187,Usuario_1187,52
1188,Usuario_1188,68
1189,Usuario_1189,40
1190,Usuario_1190,18
1191,Usuario_1191,48
1192,Usuario_1192,25
1193,Usuario_1193,57
1194,Usuario_1194,41
1195,Usuario_1195,34
1196,Usuario_1196,46
1197,Usuario_1197,60
1198,Usuario_1198,64
1199,Usuario_1199,39
1200,Usuario_1200,37
1201,Usuario_1201,44
1202,Usuario_1202,37
1203,Usuario_1203,62
1204,Usuario_1204,57
1205,Usuario_1205,66
1206,Usuario_1206,18
1207,Usuario_1207,18
1208,Usuario_1208,31
1209,Usuario_1209,54
1210,Usuario_1210,48
1211,Usuario_1211,34
1212,Usuario_1212,31
1213,Usuario_1213,42
1214,Usuario_1214,64
1215,Usuario_1215,50
1216,Usuario_1216,26
1217,Usuario_1217,65
1218,Usuario_1218,37
1219,Usuario_1219,25
1220,Usuario_1220,47
1221,Usuario_1221,63
1222,Usuario_1222,58
1223,Usuario_1223,34
1224,Usuario_1224,33
1225,Usuario_1225,38
1226,Usuario_1226,58
1227,Usuario_1227,41
1228,Usuario_1228,41
1229,Usuario_1229,40
1230,Usuario_1230,19
1231,Usuario_1231,60
1232,Usuario_1232,52
1233,Usuario_1233,53
1234,Usuario_1234,50
1235,Usuario_1235,43
1236,Usuario_1236,62
1237,Usuario_1237,62
1238,Usuario_1238,33
1239,Usuario_1239,34
1240,Usuario_1240,50
1241,Usuario_1241,21
1242,Usuario_1242,47
1243,Usuario_1243,39
1244,Usuario_1244,31
1245,Usuario_1245,28
1246,Usuario_1246,59
1247,Usuario_1247,69
1248,Usuario_1248,62
1249,Usuario_1249,56
1250,Usuario_1250,25
1251,Usuario_1251,22
1252,Usuario_1252,42
1253,Usuario_1253,28
1254,Usuario_1254,35
1255,Usuario_1255,38
1256,Usuario_1256,34
1257,Usuario_1257,43
1258,Usuario_1258,25
1259,Usuario_1259,61
1260,Usuario_1260,35
1261,Usuario_1261,51
1262,Usuario_1262,30
1263,Usuario_1263,43
1264,Usuario_1264,22
1265,Usuario_1265,36
1266,Usuario_1266,20
1267,Usuario_1267,65
1268,Usuario_1268,29
1269,Usuario_1269,23
1270,Usuario_1270,37
1271,Usuario_1271,38
1272,Usuario_1272,61
1273,Usuario_1273,60
1274,Usuario_1274,31
1275,Usuario_1275,57
1276,Usuario_1276,36
1277,Usuario_1277,54
1278,Usuario_1278,54
1279,Usuario_1279,40
1280,Usuario_1280,57
1281,Usuario_1281,35
1282,Usuario_1282,56
1283,Usuario_1283,43
1284,Usuario_1284,19
1285,Usuario_1285,39
1286,Usuario_1286,48
1287,Usuario_1287,39
1288,Usuario_1288,44
1289,Usuario_1289,67
1290,Usuario_1290,34
1291,Usuario_1291,67
1292,Usuario_1292,52
1293,Usuario_1293,45
1294,Usuario_1294,43
1295,Usuario_1295,46
1296,Usuario_1296,31
1297,Usuario_1297,50
1298,Usuario_1298,57
1299,Usuario_1299,31
1300,Usuario_1300,27
1301,Usuario_1301,44
1302,Usuario_1302,68
1303,Usuario_1303,49
1304,Usuario_1304,52
1305,Usuario_1305,38
1306,Usuario_1306,36
1307,Usuario_1307,57
1308,Usuario_1308,49
1309,Usuario_1309,26
1310,Usuario_1310,55
1311,Usuario_1311,59
1312,Usuario_1312,18
1313,Usuario_1313,38
1314,Usuario_1314,63
1315,Usuario_1315,29
1316,Usuario_1316,27
1317,Usuario_1317,46
1318,Usuario_1318,52
1319,Usuario_1319,70
1320,Usuario_1320,42
1321,Usuario_1321,41
1322,Usuario_1322,37
1323,Usuario_1323,41
1324,Usuario_1324,47
1325,Usuario_1325,62
1326,Usuario_1326,61
1327,Usuario_1327,31
1328,Usuario_1328,68
1329,Usuario_1329,32
1330,Usuario_1330,24
1331,Usuario_1331,28
1332,Usuario_1332,67
1333,Usuario_1333,47
1334,Usuario_1334,27
1335,Usuario_1335,56
1336,Usuario_1336,26
1337,Usuario_1337,55
1338,Usuario_1338,56
1339,Usuario_1339,42
1340,Usuario_1340,39
1341,Usuario_1341,26
1342,Usuario_1342,32
1343,Usuario_1343,42
1344,Usuario_1344,62
1345,Usuario_1345,38
1346,Usuario_1346,26
1347,Usuario_1347,62
1348,Usuario_1348,70
1349,Usuario_1349,57
1350,Usuario_1350,52
1351,Usuario_1351,45
1352,Usuario_1352,23
1353,Usuario_1353,41
1354,Usuario_1354,42
1355,Usuario_1355,63
1356,Usuario_1356,64
1357,Usuario_1357,34
1358,Usuario_1358,42
1359,Usuario_1359,27
1360,Usuario_1360,35
1361,Usuario_1361,29
1362,Usuario_1362,38
1363,Usuario_1363,36
1364,Usuario_1364,50
1365,Usuario_1365,38
1366,Usuario_1366,23
1367,Usuario_1367,44
1368,Usuario_1368,65
1369,Usuario_1369,41
1370,Usuario_1370,43
1371,Usuario_1371,25
1372,Usuario_1372,34
1373,Usuario_1373,49
1374,Usuario_1374,61
1375,Usuario_1375,51
1376,Usuario_1376,65
1377,Usuario_1377,32
1378,Usuario_1378,22
1379,Usuario_1379,35
1380,Usuario_1380,28
1381,Usuario_1381,34
1382,Usuario_1382,36
1383,Usuario_1383,57
1384,Usuario_1384,31
1385,Usuario_1385,40
1386,Usuario_1386,23
1387,Usuario_1387,28
1388,Usuario_1388,59
1389,Usuario_1389,66
1390,Usuario_1390,42
1391,Usuario_1391,44
1392,Usuario_1392,18
1393,Usuario_1393,43
1394,Usuario_1394,69
1395,Usuario_1395,34
1396,Usuario_1396,57
1397,Usuario_1397,23
1398,Usuario_1398,70
1399,Usuario_1399,61
1400,Usuario_1400,63
1401,Usuario_1401,23
1402,Usuario_1402,19
1403,Usuario_1403,54
1404,Usuario_1404,70
1405,Usuario_1405,33
1406,Usuario_1406,40
1407,Usuario_1407,31
1408,Usuario_1408,34
1409,Usuario_1409,68
1410,Usuario_1410,51
1411,Usuario_1411,31
1412,Usuario_1412,37
1413,Usuario_1413,50
1414,Usuario_1414,53
1415,Usuario_1415,68
1416,Usuario_1416,40
1417,Usuario_1417,18
1418,Usuario_1418,60
1419,Usuario_1419,64
1420,Usuario_1420,70
1421,Usuario_1421,42
1422,Usuario_1422,35
1423,Usuario_1423,39
1424,Usuario_1424,18
1425,Usuario_1425,69
1426,Usuario_1426,38
1427,Usuario_1427,47
1428,Usuario_1428,46
1429,Usuario_1429,24
1430,Usuario_1430,36
1431,Usuario_1431,18
1432,Usuario_1432,48
1433,Usuario_1433,40
1434,Usuario_1434,60
1435,Usuario_1435,47
1436,Usuario_1436,29
1437,Usuario_1437,60
1438,Usuario_1438,31
1439,Usuario_1439,35
1440,Usuario_1440,38
1441,Usuario_1441,30
1442,Usuario_1442,26
1443,Usuario_1443,38
1444,Usuario_1444,28
1445,Usuario_1445,18
1446,Usuario_1446,29
1447,Usuario_1447,54
1448,Usuario_1448,25
1449,Usuario_1449,37
1450,Usuario_1450,70
1451,Usuario_1451,32
1452,Usuario_1452,45
1453,Usuario_1453,56
1454,Usuario_1454,55
1455,Usuario_1455,19
1456,Usuario_1456,38
1457,Usuario_1457,68
1458,Usuario_1458,61
1459,Usuario_1459,20
1460,Usuario_1460,56
1461,Usuario_1461,50
1462,Usuario_1462,27
1463,Usuario_1463,26
1464,Usuario_1464,30
1465,Usuario_1465,42
1466,Usuario_1466,43
1467,Usuario_1467,68
1468,Usuario_1468,60
1469,Usuario_1469,57
1470,Usuario_1470,58
1471,Usuario_1471,25
1472,Usuario_1472,33
1473,Usuario_1473,53
1474,Usuario_1474,66
1475,Usuario_1475,46
1476,Usuario_1476,30
1477,Usuario_1477,62
1478,Usuario_1478,38
1479,Usuario_1479,52
1480,Usuario_1480,56
1481,Usuario_1481,33
1482,Usuario_1482,61
1483,Usuario_1483,61
1484,Usuario_1484,58
1485,Usuario_1485,44
1486,Usuario_1486,53
1487,Usuario_1487,29
1488,Usuario_1488,23
1489,Usuario_1489,29
1490,Usuario_1490,30
1491,Usuario_1491,21
1492,Usuario_1492,29
1493,Usuario_1493,27
1494,Usuario_1494,68
1495,Usuario_1495,51
1496,Usuario_1496,20
1497,Usuario_1497,39
1498,Usuario_1498,63
1499,Usuario_1499,19
1500,Usuario_1500,32
1501,Usuario_1501,59
1502,Usuario_1502,42
1503,Usuario_1503,65
1504,Usuario_1504,44
1505,Usuario_1505,30
1506,Usuario_1506,49
1507,Usuario_1507,30
1508,Usuario_1508,67
1509,Usuario_1509,57
1510,Usuario_1510,59
1511,Usuario_1511,55
1512,Usuario_1512,28
1513,Usuario_1513,38
1514,Usuario_1514,28
1515,Usuario_1515,66
1516,Usuario_1516,31
1517,Usuario_1517,39
1518,Usuario_1518,22
1519,Usuario_1519,24
1520,Usuario_1520,38
1521,Usuario_1521,58
1522,Usuario_1522,38
1523,Usuario_1523,47
1524,Usuario_1524,40
1525,Usuario_1525,43
1526,Usuario_1526,52
1527,Usuario_1527,22
1528,Usuario_1528,30
1529,Usuario_1529,57
1530,Usuario_1530,49
1531,Usuario_1531,27
1532,Usuario_1532,53
1533,Usuario_1533,70
1534,Usuario_1534,59
1535,Usuario_1535,65
1536,Usuario_1536,48
1537,Usuario_1537,65
1538,Usuario_1538,29
1539,Usuario_1539,45
1540,Usuario_1540,70
1541,Usuario_1541,54
1542,Usuario_1542,70
1543,Usuario_1543,66
1544,Usuario_1544,23
1545,Usuario_1545,59
1546,Usuario_1546,52
1547,Usuario_1547,49
1548,Usuario_1548,51
1549,Usuario_1549,65
1550,Usuario_1550,68
1551,Usuario_1551,35
1552,Usuario_1552,47
1553,Usuario_1553,50
1554,Usuario_1554,19
1555,Usuario_1555,27
1556,Usuario_1556,39
1557,Usuario_1557,45
1558,Usuario_1558,42
1559,Usuario_1559,60
1560,Usuario_1560,37
1561,Usuario_1561,36
1562,Usuario_1562,39
1563,Usuario_1563,34
1564,Usuario_1564,67
1565,Usuario_1565,42
1566,Usuario_1566,54
1567,Usuario_1567,25
1568,Usuario_1568,58
1569,Usuario_1569,37
1570,Usuario_1570,48
1571,Usuario_1571,43
1572,Usuario_1572,22
1573,Usuario_1573,60
1574,Usuario_1574,38
1575,Usuario_1575,38
1576,Usuario_1576,22
1577,Usuario_1577,37
1578,Usuario_1578,28
1579,Usuario_1579,66
1580,Usuario_1580,33
1581,Usuario_1581,29
1582,Usuario_1582,36
1583,Usuario_1583,33
1584,Usuario_1584,23
1585,Usuario_1585,67
1586,Usuario_1586,52
1587,Usuario_1587,34
1588,Usuario_1588,66
1589,Usuario_1589,52
1590,Usuario_1590,61
1591,Usuario_1591,67
1592,Usuario_1592,29
1593,Usuario_1593,18
1594,Usuario_1594,33
1595,Usuario_1595,25
1596,Usuario_1596,31
1597,Usuario_1597,50
1598,Usuario_1598,26
1599,Usuario_1599,44
1600,Usuario_1600,48
1601,Usuario_1601,45
1602,Usuario_1602,62
1603,Usuario_1603,29
1604,Usuario_1604,36
1605,Usuario_1605,29
1606,Usuario_1606,56
1607,Usuario_1607,55
1608,Usuario_1608,68
1609,Usuario_1609,40
1610,Usuario_1610,45
1611,Usuario_1611,61
1612,Usuario_1612,48
1613,Usuario_1613,29
1614,Usuario_1614,25
1615,Usuario_1615,21
1616,Usuario_1616,25
1617,Usuario_1617,44
1618,Usuario_1618,69
1619,Usuario_1619,62
1620,Usuario_1620,20
1621,Usuario_1621,41
1622,Usuario_1622,21
1623,Usuario_1623,65
1624,Usuario_1624,44
1625,Usuario_1625,50
1626,Usuario_1626,53
1627,Usuario_1627,57
1628,Usuario_1628,66
1629,Usuario_1629,21
1630,Usuario_1630,45
1631,Usuario_1631,33
1632,Usuario_1632,18
1633,Usuario_1633,40
1634,Usuario_1634,50
1635,Usuario_1635,18
1636,Usuario_1636,46
1637,Usuario_1637,56
1638,Usuario_1638,39
1639,Usuario_1639,58
1640,Usuario_1640,44
1641,Usuario_1641,20
1642,Usuario_1642,30
1643,Usuario_1643,33
1644,Usuario_1644,32
1645,Usuario_1645,55
1646,Usuario_1646,62
1647,Usuario_1647,29
1648,Usuario_1648,51
1649,Usuario_1649,37
1650,Usuario_1650,54
1651,Usuario_1651,23
1652,Usuario_1652,51
1653,Usuario_1653,18
1654,Usuario_1654,57
1655,Usuario_1655,23
1656,Usuario_1656,70
1657,Usuario_1657,68
1658,Usuario_1658,67
1659,Usuario_1659,25
1660,Usuario_1660,53
1661,Usuario_1661,21
1662,Usuario_1662,60
1663,Usuario_1663,66
1664,Usuario_1664,58
1665,Usuario_1665,57
1666,Usuario_1666,19
1667,Usuario_1667,44
1668,Usuario_1668,45
1669,Usuario_1669,53
1670,Usuario_1670,50
1671,Usuario_1671,61
1672,Usuario_1672,68
1673,Usuario_1673,39
1674,Usuario_1674,45
1675,Usuario_1675,56
1676,Usuario_1676,36
1677,Usuario_1677,30
1678,Usuario_1678,61
1679,Usuario_1679,37
1680,Usuario_1680,32
1681,Usuario_1681,39
1682,Usuario_1682,20
1683,Usuario_1683,41
1684,Usuario_1684,42
1685,Usuario_1685,65
1686,Usuario_1686,49
1687,Usuario_1687,52
1688,Usuario_1688,23
1689,Usuario_1689,70
1690,Usuario_1690,48
1691,Usuario_1691,50
1692,Usuario_1692,44
1693,Usuario_1693,67
1694,Usuario_1694,38
1695,Usuario_1695,56
1696,Usuario_1696,22
1697,Usuario_1697,19
1698,Usuario_1698,32
1699,Usuario_1699,38
1700,Usuario_1700,66
1701,Usuario_1701,54
1702,Usuario_1702,20
1703,Usuario_1703,53
1704,Usuario_1704,52
1705,Usuario_1705,61
1706,Usuario_1706,28
1707,Usuario_1707,27
1708,Usuario_1708,28
1709,Usuario_1709,57
1710,Usuario_1710,62
1711,Usuario_1711,62
1712,Usuario_1712,41
1713,Usuario_1713,38
1714,Usuario_1714,56
1715,Usuario_1715,66
1716,Usuario_1716,46
1717,Usuario_1717,56
1718,Usuario_1718,63
1719,Usuario_1719,70
1720,Usuario_1720,62
1721,Usuario_1721,69
1722,Usuario_1722,22
1723,Usuario_1723,58
1724,Usuario_1724,39
1725,Usuario_1725,59
1726,Usuario_1726,29
1727,Usuario_1727,70
1728,Usuario_1728,25
1729,Usuario_1729,29
1730,Usuario_1730,34
1731,Usuario_1731,62
1732,Usuario_1732,27
1733,Usuario_1733,58
1734,Usuario_1734,19
1735,Usuario_1735,67
1736,Usuario_1736,58
1737,Usuario_1737,46
1738,Usuario_1738,24
1739,Usuario_1739,60
1740,Usuario_1740,45
1741,Usuario_1741,23
1742,Usuario_1742,51
1743,Usuario_1743,47
1744,Usuario_1744,41
1745,Usuario_1745,69
1746,Usuario_1746,31
1747,Usuario_1747,31
1748,Usuario_1748,38
1749,Usuario_1749,66
1750,Usuario_1750,65
1751,Usuario_1751,68
1752,Usuario_1752,56
1753,Usuario_1753,24
1754,Usuario_1754,36
1755,Usuario_1755,57
1756,Usuario_1756,47
1757,Usuario_1757,61
1758,Usuario_1758,23
1759,Usuario_1759,65
1760,Usuario_1760,36
1761,Usuario_1761,69
1762,Usuario_1762,29
1763,Usuario_1763,27
1764,Usuario_1764,65
1765,Usuario_1765,60
1766,Usuario_1766,56
1767,Usuario_1767,55
1768,Usuario_1768,34
1769,Usuario_1769,67
1770,Usuario_1770,25
1771,Usuario_1771,64
1772,Usuario_1772,20
1773,Usuario_1773,34
1774,Usuario_1774,21
1775,Usuario_1775,60
1776,Usuario_1776,19
1777,Usuario_1777,43
1778,Usuario_1778,35
1779,Usuario_1779,26
1780,Usuario_1780,64
1781,Usuario_1781,69
1782,Usuario_1782,44
1783,Usuario_1783,44
1784,Usuario_1784,25
1785,Usuario_1785,62
1786,Usuario_1786,26
1787,Usuario_1787,33
1788,Usuario_1788,31
1789,Usuario_1789,55
1790,Usuario_1790,31
1791,Usuario_1791,66
1792,Usuario_1792,40
1793,Usuario_1793,34
1794,Usuario_1794,38
1795,Usuario_1795,60
1796,Usuario_1796,44
1797,Usuario_1797,54
1798,Usuario_1798,47
1799,Usuario_1799,67
1800,Usuario_1800,37
1801,Usuario_1801,24
1802,Usuario_1802,56
1803,Usuario_1803,43
1804,Usuario_1804,20
1805,Usuario_1805,24
1806,Usuario_1806,56
1807,Usuario_1807,61
1808,Usuario_1808,55
1809,Usuario_1809,53
1810,Usuario_1810,51
1811,Usuario_1811,23
1812,Usuario_1812,59
1813,Usuario_1813,22
1814,Usuario_1814,38
1815,Usuario_1815,63
1816,Usuario_1816,68
1817,Usuario_1817,51
1818,Usuario_1818,22
1819,Usuario_1819,47
1820,Usuario_1820,66
1821,Usuario_1821,69
1822,Usuario_1822,59
1823,Usuario_1823,38
1824,Usuario_1824,50
1825,Usuario_1825,67
1826,Usuario_1826,54
1827,Usuario_1827,66
1828,Usuario_1828,41
1829,Usuario_1829,20
1830,Usuario_1830,69
1831,Usuario_1831,43
1832,Usuario_1832,42
1833,Usuario_1833,34
1834,Usuario_1834,40
1835,Usuario_1835,30
1836,Usuario_1836,48
1837,Usuario_1837,57
1838,Usuario_1838,66
1839,Usuario_1839,60
1840,Usuario_1840,23
1841,Usuario_1841,20
1842,Usuario_1842,31
1843,Usuario_1843,46
1844,Usuario_1844,54
1845,Usuario_1845,34
1846,Usuario_1846,28
1847,Usuario_1847,62
1848,Usuario_1848,58
1849,Usuario_1849,40
1850,Usuario_1850,25
1851,Usuario_1851,70
1852,Usuario_1852,19
1853,Usuario_1853,31
1854,Usuario_1854,18
1855,Usuario_1855,30
1856,Usuario_1856,45
1857,Usuario_1857,45
1858,Usuario_1858,39
1859,Usuario_1859,19
1860,Usuario_1860,18
1861,Usuario_1861,19
1862,Usuario_1862,38
1863,Usuario_1863,39
1864,Usuario_1864,51
1865,Usuario_1865,62
1866,Usuario_1866,69
1867,Usuario_1867,59
1868,Usuario_1868,52
1869,Usuario_1869,50
1870,Usuario_1870,21
1871,Usuario_1871,47
1872,Usuario_1872,56
1873,Usuario_1873,28
1874,Usuario_1874,65
1875,Usuario_1875,65
1876,Usuario_1876,65
1877,Usuario_1877,55
1878,Usuario_1878,65
1879,Usuario_1879,67
1880,Usuario_1880,66
1881,Usuario_1881,54
1882,Usuario_1882,51
1883,Usuario_1883,35
1884,Usuario_1884,53
1885,Usuario_1885,56
1886,Usuario_1886,65
1887,Usuario_1887,34
1888,Usuario_1888,38
1889,Usuario_1889,21
1890,Usuario_1890,66
1891,Usuario_1891,22
1892,Usuario_1892,44
1893,Usuario_1893,31
1894,Usuario_1894,48
1895,Usuario_1895,26
1896,Usuario_1896,34
1897,Usuario_1897,40
1898,Usuario_1898,67
1899,Usuario_1899,21
1900,Usuario_1900,37
1901,Usuario_1901,50
1902,Usuario_1902,38
1903,Usuario_1903,55
1904,Usuario_1904,61
1905,Usuario_1905,45
1906,Usuario_1906,69
1907,Usuario_1907,35
1908,Usuario_1908,23
1909,Usuario_1909,32
1910,Usuario_1910,35
1911,Usuario_1911,37
1912,Usuario_1912,52
1913,Usuario_1913,66
1914,Usuario_1914,32
1915,Usuario_1915,30
1916,Usuario_1916,66
1917,Usuario_1917,51
1918,Usuario_1918,57
1919,Usuario_1919,36
1920,Usuario_1920,50
1921,Usuario_1921,60
1922,Usuario_1922,50
1923,Usuario_1923,59
1924,Usuario_1924,52
1925,Usuario_1925,59
1926,Usuario_1926,45
1927,Usuario_1927,29
1928,Usuario_1928,48
1929,Usuario_1929,61
1930,Usuario_1930,66
1931,Usuario_1931,21
1932,Usuario_1932,60
1933,Usuario_1933,47
1934,Usuario_1934,40
1935,Usuario_1935,18
1936,Usuario_1936,62
1937,Usuario_1937,50
1938,Usuario_1938,25
1939,Usuario_1939,20
1940,Usuario_1940,26
1941,Usuario_1941,63
1942,Usuario_1942,25
1943,Usuario_1943,50
1944,Usuario_1944,22
1945,Usuario_1945,32
1946,Usuario_1946,20
1947,Usuario_1947,57
1948,Usuario_1948,39
1949,Usuario_1949,23
1950,Usuario_1950,53
1951,Usuario_1951,39
1952,Usuario_1952,27
1953,Usuario_1953,25
1954,Usuario_1954,35
1955,Usuario_1955,53
1956,Usuario_1956,20
1957,Usuario_1957,56
1958,Usuario_1958,61
1959,Usuario_1959,35
1960,Usuario_1960,62
1961,Usuario_1961,62
1962,Usuario_1962,30
1963,Usuario_1963,55
1964,Usuario_1964,55
1965,Usuario_1965,70
1966,Usuario_1966,63
1967,Usuario_1967,68
1968,Usuario_1968,23
1969,Usuario_1969,56
1970,Usuario_1970,20
1971,Usuario_1971,69
1972,Usuario_1972,33
1973,Usuario_1973,54
1974,Usuario_1974,38
1975,Usuario_1975,47
1976,Usuario_1976,65
1977,Usuario_1977,42
1978,Usuario_1978,40
1979,Usuario_1979,54
1980,Usuario_1980,43
1981,Usuario_1981,24
1982,Usuario_1982,28
1983,Usuario_1983,40
1984,Usuario_1984,46
1985,Usuario_1985,23
1986,Usuario_1986,45
1987,Usuario_1987,68
1988,Usuario_1988,69
1989,Usuario_1989,33
1990,Usuario_1990,22
1991,Usuario_1991,44
1992,Usuario_1992,21
1993,Usuario_1993,29
1994,Usuario_1994,42
1995,Usuario_1995,53
1996,Usuario_1996,44
1997,Usuario_1997,20
1998,Usuario_1998,26
1999,Usuario_1999,22
2000,Usuario_2000,44
